ID_Documento;Keywords;File_Name
N/D;nessun contenuto;doc10121_depth3_docenti.unisa.it-057579-ricerca-focus.html
N/D;404, pagina non trovata;doc10099_depth3_corsi.unisa.it-ingegneria-dell-informazione-en-teaching-DOT18CK8F9-contatti.html
N/D;404, pagina non trovata;doc10084_depth3_docenti.unisa.it-058287-058287-didattica-orari-include=attivita&attivita=EC2025-N0-N0-S2-S2-88770-521923.html
N/D;404, pagina non trovata;doc10077_depth3_docenti.unisa.it-058287-058287-didattica-orari-include=attivita&attivita=EC2025-N0-N0-S1-S1-77703-515195.html
N/D;errore;doc1006_depth2_docenti.unisa.it-024950-didattica-anno=2025&id=518894.html
N/D;404, pagina non trovata;doc10374_depth3_corsi.unisa.it-electrical-engineering-for-digital-energy-en-teaching-0650107302900001-en-teaching-lessons-timetable.html
N/D;404, pagina non trovata;doc10058_depth3_docenti.unisa.it-058287-058287-didattica-orari-include=attivita&attivita=EC2025-A9-A-H-S1-S1-89985-521330.html
N/D;404, pagina non trovata;doc10038_depth3_docenti.unisa.it-058287-058287-didattica-orari-include=attivita&attivita=EC2025-N0-N0-S2-S2-88770-516039.html
N/D;404;doc10218_depth3_docenti.unisa.it-001776-en-research-publications-anno=2006.html
N/D;404, pagina non trovata;doc10394_depth3_corsi.unisa.it-electrical-engineering-for-digital-energy-en-activities-and-services-0650107302900001-contatti.html
N/D;404;doc10350_depth3_docenti.unisa.it-001776-ricerca-pubblicazioni-anno=2006&tip=273.html
N/D;404, pagina non trovata;doc10363_depth3_docenti.unisa.it-001776-ricerca-www.ieee.org.html
N/D;404, pagina non trovata;doc10380_depth3_corsi.unisa.it-electrical-engineering-for-digital-energy-en-teaching-0650107302900001-contatti.html
N/D;nessun contenuto;doc10480_depth3_www.diem.unisa.it-ricerca-focus-anno=2017.html
N/D;nessun contenuto;doc10485_depth3_www.diem.unisa.it-ricerca-focus-anno=2018.html
N/D;nessun contenuto;doc10511_depth3_www.diem.unisa.it-ricerca-focus-anno=2016.html
N/D;404;doc10707_depth3_docenti.unisa.it-001776-ricerca-pubblicazioni-anno=0&tip=273.html
N/D;404, pagina non trovata;doc10803_depth3_docenti.unisa.it-004367-004367-didattica-orari-include=attivita&attivita=EC2025-N0-N0-S1-S1-83830-516049.html
N/D;errore;doc10825_depth3_docenti.unisa.it-004367-didattica-anno=2024&id=517052.html
N/D;errore;doc10834_depth3_docenti.unisa.it-004367-didattica-anno=2017&id=505758.html
N/D;nessun contenuto;doc10819_depth3_docenti.unisa.it-026557-ricerca-focus.html
N/D;404, pagina non trovata;doc10906_depth3_docenti.unisa.it-004367-004367-didattica-orari-include=attivita&attivita=EC2025-N0-N0-S1-S1-84105-515135.html
N/D;404, pagina non trovata;doc10895_depth3_docenti.unisa.it-004367-004367-didattica-orari-include=attivita&attivita=EC2025-A9-A-H-S2-S2-82090-507093.html
N/D;404, pagina non trovata;doc10908_depth3_docenti.unisa.it-004367-004367-didattica-orari-include=attivita&attivita=EC2025-N0-N0-S2-S2-89286-523125.html
N/D;errore;doc10938_depth3_docenti.unisa.it-004367-didattica-anno=2016&id=505758.html
N/D;404, pagina non trovata;doc10985_depth3_corsi.unisa.it-electrical-engineering-for-digital-energy-strutture-didattiche-0650107302900001-contatti.html
N/D;nessun contenuto;doc11023_depth3_docenti.unisa.it-004367-international-bip.html
N/D;nessun contenuto;doc11015_depth3_docenti.unisa.it-004367-international-progetti.html
N/D;nessun contenuto;doc11051_depth3_docenti.unisa.it-004367-ricerca-focus.html
N/D;404;doc10958_depth3_docenti.unisa.it-001776-en-research-publications-anno=0.html
N/D;errore;doc11188_depth3_docenti.unisa.it-057579-didattica-anno=2023&id=508244.html
N/D;404, pagina non trovata;doc11192_depth3_docenti.unisa.it-057579-057579-didattica-orari-include=attivita&attivita=EC2025-N0-N0-S1-S1-89345-522757.html
N/D;404, pagina non trovata;doc11179_depth3_docenti.unisa.it-057579-057579-didattica-orari-include=attivita&attivita=EC2025-N0-N0-S2-S2-78117-515205.html
N/D;errore;doc11207_depth3_docenti.unisa.it-057579-didattica-anno=2022&id=508244.html
N/D;404, pagina non trovata;doc11229_depth3_docenti.unisa.it-057579-057579-didattica-orari-include=attivita&attivita=EC2025-A9-A-H-S1-S1-82076-505756.html
N/D;404, pagina non trovata;doc11228_depth3_docenti.unisa.it-026557-026557-didattica-orari-include=attivita&attivita=EC2025-N0-N0-S2-S2-84058-518961.html
N/D;404, pagina non trovata;doc11209_depth3_docenti.unisa.it-057579-057579-didattica-orari-include=attivita&attivita=EC2025-N0-N0-S1-S1-76149-515727.html
N/D;errore;doc11238_depth3_docenti.unisa.it-026557-didattica-anno=2019&id=505758.html
N/D;404, pagina non trovata;doc11233_depth3_docenti.unisa.it-026557-026557-didattica-orari-include=attivita&attivita=EC2025-N0-N0-S1-S1-84059-518962.html
N/D;errore;doc11048_depth3_www.diem.unisa.it-en-research-projects.html
N/D;forbidden;doc11232_depth3_docenti.unisa.it-026557-didattica-anno=2023&id=516031.html
N/D;404, pagina non trovata;doc11252_depth3_corsi.unisa.it-ingegneria-informatica-magistrale-en-activities-and-services-0650107303300001-contatti.html
N/D;404, pagina non trovata;doc11275_depth3_docenti.unisa.it-026557-026557-didattica-orari-include=attivita&attivita=EC2025-N0-N0-S2-S2-84101-515134.html
N/D;404, pagina non trovata;doc11274_depth3_corsi.unisa.it-ingegneria-informatica-magistrale-en-teaching-0650107303300001-contatti.html
N/D;404, pagina non trovata;doc11237_depth3_docenti.unisa.it-057579-057579-didattica-orari-include=attivita&attivita=EC2025-A9-A-H-S1-S1-77691-505759.html
N/D;404, pagina non trovata;doc11291_depth3_docenti.unisa.it-026557-026557-didattica-orari-include=attivita&attivita=EC2025-N0-N0-S2-S2-88783-521926.html
N/D;forbidden;doc11257_depth3_docenti.unisa.it-026557-didattica-anno=2022&id=516031.html
N/D;forbidden;doc11323_depth3_docenti.unisa.it-026557-didattica-anno=2024&id=516031.html
N/D;errore;doc11346_depth3_docenti.unisa.it-026557-didattica-anno=2018&id=505758.html
N/D;404, pagina non trovata;doc11370_depth3_docenti.unisa.it-023604-023604-didattica-orari-include=attivita&attivita=EC2025-A9-I-Z-S1-S1-88696-521517.html
N/D;nessun contenuto;doc11398_depth3_docenti.unisa.it-001257-ricerca-focus.html
N/D;404, pagina non trovata;doc11419_depth3_docenti.unisa.it-023604-ricerca-www.springer.com-series-4961.html
N/D;404, pagina non trovata;doc11424_depth3_docenti.unisa.it-023604-023604-didattica-orari-include=attivita&attivita=EC2025-N0-N0-S1-S1-89257-523123.html
N/D;404, pagina non trovata;doc11469_depth3_docenti.unisa.it-023604-023604-didattica-orari-include=attivita&attivita=EC2025-A9-I-Z-S2-S2-82088-513330.html
N/D;404, pagina non trovata;doc11699_depth3_docenti.unisa.it-001257-001257-didattica-orari-include=attivita&attivita=EC2025-N0-N0-S1-S1-82302-505837.html
N/D;nessun contenuto;doc11711_depth3_docenti.unisa.it-001680-ricerca-focus.html
N/D;404, pagina non trovata;doc11713_depth3_docenti.unisa.it-001257-001257-didattica-orari-include=attivita&attivita=EC2025-N0-N0-S2-S2-89628-521848.html
N/D;errore;doc11878_depth3_docenti.unisa.it-001257-didattica-anno=2017&id=507170.html
N/D;404, pagina non trovata;doc11864_depth3_docenti.unisa.it-001366-ricerca-www.springer.com-series-4961.html
N/D;404, pagina non trovata;doc11862_depth3_docenti.unisa.it-001257-001257-didattica-orari-include=attivita&attivita=EC2025-N0-N0-S1-S1-84626-512172.html
N/D;errore;doc11940_depth3_www.diem.unisa.it-ricerca-progetti-finanziati-progetto=18557.html
N/D;errore;doc12046_depth3_www.diem.unisa.it-ricerca-progetti-finanziati-progetto=24750.html
N/D;404, pagina non trovata;doc12486_depth3_docenti.unisa.it-001680-001680-didattica-orari-include=attivita&attivita=EC2025-N0-N0-S2-S2-83611-518891.html
N/D;404, pagina non trovata;doc12516_depth3_docenti.unisa.it-001680-001680-didattica-orari-include=attivita&attivita=EC2025-N0-N0-S1-S1-88790-521983.html
N/D;404, pagina non trovata;doc12509_depth3_docenti.unisa.it-001680-001680-didattica-orari-include=attivita&attivita=EC2025-N0-N0-A1-A1-83463-516165.html
N/D;404, pagina non trovata;doc12599_depth3_docenti.unisa.it-001366-001366-didattica-orari-include=attivita&attivita=EC2025-A9-A-H-S1-S1-88696-521517.html
N/D;404;doc12582_depth3_docenti.unisa.it-001680-en-research-publications-anno=2000.html
N/D;404, pagina non trovata;doc12608_depth3_docenti.unisa.it-001680-001680-didattica-orari-include=attivita&attivita=EC2025-N0-N0-S2-S2-89440-521877.html
N/D;404;doc12655_depth3_docenti.unisa.it-001257-en-research-publications-anno=2018.html
N/D;404, pagina non trovata;doc12659_depth3_corsi.unisa.it-ingegneria-informatica-magistrale-en-teaching-0650107303300001-en-teaching-lessons-timetable.html
N/D;404, pagina non trovata;doc12670_depth3_docenti.unisa.it-001366-001366-didattica-orari-include=attivita&attivita=EC2025-A9-A-H-S2-S2-82088-513330.html
N/D;404, pagina non trovata;doc12702_depth3_docenti.unisa.it-001366-001366-didattica-orari-include=attivita&attivita=EC2025-N0-N0-S1-S1-89257-523123.html
N/D;404, pagina non trovata;doc12765_depth3_docenti.unisa.it-001680-001680-didattica-orari-include=attivita&attivita=EC2025-N0-N0-S2-S2-77710-509826.html
N/D;404, pagina non trovata;doc12798_depth3_corsi.unisa.it-ingegneria-informatica-magistrale-en-teaching-facilities-calendario-occupazione-spazi-sede=FSTEC-05-06&aula=FSTEC-05P01076.html
N/D;404, pagina non trovata;doc12800_depth3_corsi.unisa.it-ingegneria-informatica-magistrale-en-teaching-facilities-calendario-occupazione-spazi-sede=FSTEC-05-06&aula=FSTEC-05P01082.html
N/D;404, pagina non trovata;doc12802_depth3_corsi.unisa.it-ingegneria-informatica-magistrale-en-teaching-facilities-calendario-occupazione-spazi-sede=FINV-09C&aula=FINV-09CP01003.html
N/D;404, pagina non trovata;doc12796_depth3_corsi.unisa.it-ingegneria-informatica-magistrale-en-teaching-facilities-calendario-occupazione-spazi-sede=FSTEC-05-06&aula=FSTEC-06P01007.html
N/D;404, pagina non trovata;doc12799_depth3_corsi.unisa.it-ingegneria-informatica-magistrale-en-teaching-facilities-calendario-occupazione-spazi-sede=FINV-07E&aula=FINV-07EP01001.html
N/D;404, pagina non trovata;doc12804_depth3_corsi.unisa.it-ingegneria-informatica-magistrale-en-teaching-facilities-calendario-occupazione-spazi-sede=FINV-07E&aula=FINV-07EP01022.html
N/D;404, pagina non trovata;doc12801_depth3_corsi.unisa.it-ingegneria-informatica-magistrale-en-teaching-facilities-calendario-occupazione-spazi-sede=FINV-09C&aula=FINV-09CS01009.html
N/D;404, pagina non trovata;doc12805_depth3_corsi.unisa.it-ingegneria-informatica-magistrale-en-teaching-facilities-calendario-occupazione-spazi-sede=FINV-09C&aula=FINV-09CPTE015.html
N/D;404, pagina non trovata;doc12808_depth3_corsi.unisa.it-ingegneria-informatica-magistrale-en-teaching-facilities-calendario-occupazione-spazi-sede=FINV-07E&aula=FINV-07EPTE013.html
N/D;404, pagina non trovata;doc12806_depth3_corsi.unisa.it-ingegneria-informatica-magistrale-en-teaching-facilities-calendario-occupazione-spazi-sede=FINV-14D&aula=FINV-14DPTE013.html
N/D;404, pagina non trovata;doc12811_depth3_corsi.unisa.it-ingegneria-informatica-magistrale-en-teaching-facilities-calendario-occupazione-spazi-sede=FSTEC-05-06&aula=FSTEC-05P01085.html
N/D;404, pagina non trovata;doc12809_depth3_corsi.unisa.it-ingegneria-informatica-magistrale-en-teaching-facilities-calendario-occupazione-spazi-sede=FSTEC-05-06&aula=FSTEC-05PTE011.html
N/D;404, pagina non trovata;doc12807_depth3_corsi.unisa.it-ingegneria-informatica-magistrale-en-teaching-facilities-calendario-occupazione-spazi-sede=FSTEC-05-06&aula=FSTEC-06P01009.html
N/D;errore;doc12792_depth3_www.diem.unisa.it-ricerca-progetti-finanziati-tip=6.html
N/D;404, pagina non trovata;doc12810_depth3_corsi.unisa.it-ingegneria-informatica-magistrale-en-teaching-facilities-calendario-occupazione-spazi-sede=FINV-07E&aula=FINV-07EP01014.html
N/D;404, pagina non trovata;doc12813_depth3_corsi.unisa.it-ingegneria-informatica-magistrale-en-teaching-facilities-calendario-occupazione-spazi-sede=FINV-09C&aula=FINV-09CPTE014.html
N/D;404, pagina non trovata;doc12817_depth3_corsi.unisa.it-ingegneria-informatica-magistrale-en-teaching-facilities-calendario-occupazione-spazi-sede=FSTEC-05-06&aula=FSTEC-05PTE007.html
N/D;404, pagina non trovata;doc12815_depth3_corsi.unisa.it-ingegneria-informatica-magistrale-en-teaching-facilities-calendario-occupazione-spazi-sede=FINV-09C&aula=FINV-09CPTE006.html
N/D;404, pagina non trovata;doc12814_depth3_corsi.unisa.it-ingegneria-informatica-magistrale-en-teaching-facilities-calendario-occupazione-spazi-sede=FINV-09C&aula=FINV-09CP01019.html
N/D;404, pagina non trovata;doc12819_depth3_corsi.unisa.it-ingegneria-informatica-magistrale-en-teaching-facilities-calendario-occupazione-spazi-sede=FSTEC-05-06&aula=FSTEC-05P01037.html
N/D;404, pagina non trovata;doc12820_depth3_corsi.unisa.it-ingegneria-informatica-magistrale-en-teaching-facilities-calendario-occupazione-spazi-sede=FINV-07E&aula=FINV-07EPTE007.html
N/D;404, pagina non trovata;doc12816_depth3_corsi.unisa.it-ingegneria-informatica-magistrale-en-teaching-facilities-calendario-occupazione-spazi-sede=FSTEC-05-06&aula=FSTEC-05PTE022.html
N/D;404, pagina non trovata;doc12822_depth3_corsi.unisa.it-ingegneria-informatica-magistrale-en-teaching-facilities-calendario-occupazione-spazi-sede=FSTEC-05-06&aula=FSTEC-05PTE019.html
N/D;404, pagina non trovata;doc12821_depth3_corsi.unisa.it-ingegneria-informatica-magistrale-en-teaching-facilities-calendario-occupazione-spazi-sede=FINV-07E&aula=FINV-07EPTE005.html
N/D;404, pagina non trovata;doc12824_depth3_corsi.unisa.it-ingegneria-informatica-magistrale-en-teaching-facilities-calendario-occupazione-spazi-sede=FINV-09C&aula=FINV-09CPTE005.html
N/D;404, pagina non trovata;doc12825_depth3_corsi.unisa.it-ingegneria-informatica-magistrale-en-teaching-facilities-calendario-occupazione-spazi-sede=FINV-09C&aula=FINV-09CPTE004.html
N/D;404, pagina non trovata;doc12829_depth3_docenti.unisa.it-045640-045640-didattica-orari-include=attivita&attivita=EC2025-A9-A-H-S1-S1-88716-521535.html
N/D;404, pagina non trovata;doc12838_depth3_corsi.unisa.it-ingegneria-informatica-magistrale-en-teaching-facilities-calendario-occupazione-spazi-sede=FINV-07E&aula=FINV-07EP01021.html
N/D;errore;doc12844_depth3_docenti.unisa.it-045640-didattica-anno=2025&id=521535&cId=10001-2025&pId=A9-A-H-S1.html
N/D;404, pagina non trovata;doc12846_depth3_docenti.unisa.it-045640-045640-didattica-orari-include=attivita&attivita=EC2025-N0-N0-S2-S2-82361-515726.html
N/D;404, pagina non trovata;doc12842_depth3_corsi.unisa.it-ingegneria-informatica-magistrale-en-teaching-facilities-calendario-occupazione-spazi-sede=FSTEC-05-06&aula=FSTEC-05PTE020.html
N/D;errore;doc12848_depth3_docenti.unisa.it-045640-didattica-anno=2025&id=521535&cId=10003-2025.html
N/D;errore;doc12853_depth3_docenti.unisa.it-045640-didattica-anno=2025&id=521535&cId=10001-2025.html
N/D;errore;doc12850_depth3_docenti.unisa.it-045640-didattica-anno=2025&id=521535&cId=10001-2025&pId=A9-I-Z-S1.html
N/D;404, pagina non trovata;doc12855_depth3_docenti.unisa.it-045640-045640-didattica-orari-include=attivita&attivita=EC2025-N0-N0-S1-S1-83599-517050.html
N/D;errore;doc12863_depth3_docenti.unisa.it-045640-didattica-anno=2025&id=521535&cId=10000-2025.html
N/D;errore;doc12857_depth3_docenti.unisa.it-045640-didattica-anno=2022&id=512136.html
N/D;errore;doc12865_depth3_docenti.unisa.it-045640-didattica-anno=2025&id=521535&cId=10002-2025.html
N/D;errore;doc12891_depth3_docenti.unisa.it-045640-didattica-anno=2023&id=512136.html
N/D;errore;doc12901_depth3_docenti.unisa.it-045640-didattica-anno=2024&id=512136.html
N/D;404;doc12957_depth3_docenti.unisa.it-001680-en-research-publications-anno=0.html
N/D;404;doc12999_depth3_docenti.unisa.it-001257-ricerca-pubblicazioni-anno=0&tip=273.html
N/D;nessun contenuto;doc13129_depth3_docenti.unisa.it-045640-ricerca-focus.html
N/D;404;doc13194_depth3_docenti.unisa.it-001680-ricerca-pubblicazioni-anno=2000&tip=262.html
N/D;404;doc13094_depth3_docenti.unisa.it-001257-en-research-publications-anno=0.html
N/D;404;doc13315_depth3_docenti.unisa.it-001680-ricerca-pubblicazioni-anno=0&tip=262.html
N/D;errore;doc13096_depth3_www.diem.unisa.it-ricerca-progetti-finanziati-stato=0.html
N/D;nessun contenuto;doc13484_depth3_docenti.unisa.it-034348-ricerca-focus.html
N/D;404;doc13555_depth3_docenti.unisa.it-001257-ricerca-pubblicazioni-anno=2018&tip=273.html
N/D;errore;doc13779_depth3_docenti.unisa.it-003495-didattica-anno=2017&id=509714.html
N/D;errore;doc13792_depth3_docenti.unisa.it-003495-didattica-anno=2022&id=509714.html
N/D;errore;doc13777_depth3_docenti.unisa.it-003495-didattica-anno=2021&id=509714.html
N/D;404, pagina non trovata;doc13800_depth3_docenti.unisa.it-003495-003495-didattica-orari-include=attivita&attivita=EC2025-N0-N0-S2-S2-88686-521892.html
N/D;404, pagina non trovata;doc13806_depth3_corsi.unisa.it-ingegneria-dell-informazione-per-la-medicina-digitale-didattica-0650106200800003-contatti.html
N/D;404, pagina non trovata;doc13788_depth3_corsi.unisa.it-ingegneria-dell-informazione-per-la-medicina-digitale-attivita-e-servizi-0650106200800003-contatti.html
N/D;errore;doc13815_depth3_docenti.unisa.it-003495-didattica-anno=2020&id=509714.html
N/D;errore;doc13819_depth3_docenti.unisa.it-003495-didattica-anno=2019&id=509714.html
N/D;404, pagina non trovata;doc13774_depth3_docenti.unisa.it-003495-003495-didattica-orari-include=attivita&attivita=EC2025-A9-I-Z-S2-S2-88673-521344.html
N/D;404, pagina non trovata;doc13841_depth3_corsi.unisa.it-ingegneria-dell-informazione-per-la-medicina-digitale-didattica-0650106200800003-didattica-orari.html
N/D;errore;doc13827_depth3_docenti.unisa.it-003495-didattica-anno=2018&id=509714.html
N/D;404, pagina non trovata;doc13882_depth3_docenti.unisa.it-034348-034348-didattica-orari-include=attivita&attivita=EC2025-N0-N0-S1-S1-84115-513461.html
N/D;404, pagina non trovata;doc13868_depth3_docenti.unisa.it-034348-034348-didattica-orari-include=attivita&attivita=EC2025-N0-N0-S1-S1-84084-518979.html
N/D;404, pagina non trovata;doc13912_depth3_docenti.unisa.it-034348-034348-didattica-orari-include=attivita&attivita=EC2025-N0-N0-S2-S2-76150-515728.html
N/D;404, pagina non trovata;doc13933_depth3_corsi.unisa.it-photovoltaics-en-teaching-DOT229NLP9-contatti.html
N/D;404, pagina non trovata;doc13954_depth3_docenti.unisa.it-034348-034348-didattica-orari-include=attivita&attivita=EC2025-N0-N0-S1-S1-84078-516067.html
N/D;404, pagina non trovata;doc14070_depth3_corsi.unisa.it-photovoltaics-en-activities-and-services-DOT229NLP9-contatti.html
N/D;errore;doc1409_depth2_docenti.unisa.it-004490-didattica-anno=2025&id=515207.html
N/D;404, pagina non trovata;doc14169_depth3_docenti.unisa.it-001888-001888-didattica-orari-include=attivita&attivita=EC2025-N0-N0-S1-S1-89218-523121.html
N/D;404, pagina non trovata;doc14249_depth3_corsi.unisa.it-photovoltaics-en.html
N/D;nessun contenuto;doc14302_depth3_docenti.unisa.it-001888-ricerca-focus.html
N/D;errore;doc14342_depth3_docenti.unisa.it-005199-didattica-anno=2015&id=505760.html
N/D;errore;doc14355_depth3_docenti.unisa.it-005199-didattica-anno=2018&id=509543.html
N/D;errore;doc14359_depth3_docenti.unisa.it-005199-didattica-anno=2018&id=505767.html
N/D;errore;doc14337_depth3_docenti.unisa.it-005199-didattica-anno=2015&id=505786.html
N/D;errore;doc14349_depth3_docenti.unisa.it-005199-didattica-anno=2020&id=505767.html
N/D;404, pagina non trovata;doc14375_depth3_docenti.unisa.it-005199-005199-didattica-orari-include=attivita&attivita=EC2025-N0-N0-S1-S1-77698-515196.html
N/D;errore;doc14372_depth3_docenti.unisa.it-005199-didattica-anno=2021&id=513444.html
N/D;errore;doc14358_depth3_docenti.unisa.it-005199-didattica-anno=2022&id=516042.html
N/D;errore;doc14363_depth3_docenti.unisa.it-005199-didattica-anno=2022&id=515132.html
N/D;nessun contenuto;doc14408_depth3_docenti.unisa.it-001888-international-bip.html
N/D;404;doc14446_depth3_docenti.unisa.it-001888-en-research-publications-anno=2023.html
N/D;nessun contenuto;doc14403_depth3_docenti.unisa.it-001888-international-progetti.html
N/D;errore;doc14461_depth3_docenti.unisa.it-005199-didattica-anno=2019&id=512500.html
N/D;errore;doc14464_depth3_docenti.unisa.it-005199-didattica-anno=2023&id=515132.html
N/D;404, pagina non trovata;doc14478_depth3_docenti.unisa.it-001888-001888-didattica-orari-include=attivita&attivita=EC2025-A9-I-Z-S2-S2-82087-515189.html
N/D;errore;doc14479_depth3_docenti.unisa.it-005199-didattica-anno=2024&id=515132.html
N/D;errore;doc14458_depth3_docenti.unisa.it-005199-didattica-anno=2019&id=505767.html
N/D;errore;doc14495_depth3_docenti.unisa.it-005199-didattica-anno=2024&id=517052.html
N/D;404, pagina non trovata;doc14457_depth3_docenti.unisa.it-005199-005199-didattica-orari-include=attivita&attivita=EC2025-N0-N0-A1-A1-83609-518894.html
N/D;errore;doc14475_depth3_docenti.unisa.it-005199-didattica-anno=2019&id=513417.html
N/D;errore;doc14492_depth3_docenti.unisa.it-005199-didattica-anno=2024&id=518949.html
N/D;errore;doc14597_depth3_docenti.unisa.it-005199-didattica-anno=2025&id=521532&cId=10002-2025.html
N/D;errore;doc14606_depth3_docenti.unisa.it-005199-didattica-anno=2025&id=521532&cId=10000-2025.html
N/D;errore;doc14614_depth3_docenti.unisa.it-005199-didattica-anno=2025&id=521532&cId=10001-2025&pId=A9-I-Z-S1.html
N/D;404, pagina non trovata;doc14586_depth3_docenti.unisa.it-005199-005199-didattica-orari-include=attivita&attivita=EC2025-A9-I-Z-S1-S1-88702-521532.html
N/D;errore;doc14612_depth3_docenti.unisa.it-005199-didattica-anno=2025&id=521532&cId=10003-2025.html
N/D;errore;doc14626_depth3_docenti.unisa.it-005199-didattica-anno=2025&id=521532&cId=10001-2025&pId=A9-A-H-S1.html
N/D;errore;doc14649_depth3_docenti.unisa.it-005199-didattica-anno=2025&id=521532&cId=10001-2025.html
N/D;404;doc14623_depth3_docenti.unisa.it-001888-ricerca-pubblicazioni-anno=2023&tip=273.html
N/D;404;doc14640_depth3_docenti.unisa.it-001888-en-research-publications-anno=0.html
N/D;404;doc1480_depth2_docenti.unisa.it-038016-ricerca-pubblicazioni-anno=2023.html
N/D;nessun contenuto;doc14737_depth3_docenti.unisa.it-005199-ricerca-focus.html
N/D;404, pagina non trovata;doc14803_depth3_docenti.unisa.it-001888-ricerca-www.springer.com-series-76.html
N/D;404, pagina non trovata;doc14824_depth3_docenti.unisa.it-020763-ricerca-onlinelibrary.wiley.com-doi-10.1002-mma.7869.html
N/D;404, pagina non trovata;doc14829_depth3_docenti.unisa.it-020763-ricerca-journals.sagepub.com-doi-10.1177-10812865221108997.html
N/D;404, pagina non trovata;doc14862_depth3_docenti.unisa.it-020763-ricerca-www.tandf.co.uk-journals-titles-01495739.asp.html
N/D;404, pagina non trovata;doc14866_depth3_docenti.unisa.it-020763-ricerca-www.springer.com-series-8611.html
N/D;404;doc14874_depth3_docenti.unisa.it-001888-ricerca-pubblicazioni-anno=0&tip=273.html
N/D;404, pagina non trovata;doc14909_depth3_docenti.unisa.it-020763-ricerca-sciencedirect.com-science-article-pii-S0020722521001038.html
N/D;404, pagina non trovata;doc14964_depth3_docenti.unisa.it-020763-ricerca-www.sciencedirect.com-science-article-pii-S0093641310001485.html
N/D;404, pagina non trovata;doc14984_depth3_corsi.unisa.it-ingegneria-informatica-magistrale-strutture-didattiche-0650107303300001-contatti.html
N/D;404, pagina non trovata;doc14987_depth3_docenti.unisa.it-020763-020763-didattica-orari-include=attivita&attivita=EC2025-A9-I-Z-S2-S2-88660-521333.html
N/D;404, pagina non trovata;doc14962_depth3_docenti.unisa.it-020763-ricerca-www.sciencedirect.com-science-article-pii-S0997753812000940.html
N/D;404, pagina non trovata;doc14986_depth3_docenti.unisa.it-020763-ricerca-www.tandfonline.com-doi-abs-10.1080-01495739.2011.564041.html
N/D;404, pagina non trovata;doc14965_depth3_docenti.unisa.it-020763-ricerca-www.sciencedirect.com-science-article-pii-S0093641311001406.html
N/D;404, pagina non trovata;doc14988_depth3_docenti.unisa.it-020763-ricerca-www.tandfonline.com-doi-abs-10.1080-01495739.2013.764806.html
N/D;404, pagina non trovata;doc14989_depth3_docenti.unisa.it-020763-020763-didattica-orari-include=attivita&attivita=EC2025-N0-N0-S2-S2-88686-521892.html
N/D;errore;doc1505_depth2_docenti.unisa.it-020924-didattica-anno=2025&id=507092.html
N/D;nessun contenuto;doc15042_depth3_docenti.unisa.it-058553-ricerca-focus.html
N/D;404, pagina non trovata;doc15053_depth3_docenti.unisa.it-020763-020763-didattica-orari-include=attivita&attivita=EC2025-N0-N0-S1-S1-88679-521891.html
N/D;nessun contenuto;doc15132_depth3_docenti.unisa.it-022852-ricerca-focus.html
N/D;nessun contenuto;doc15145_depth3_docenti.unisa.it-005501-ricerca-focus.html
N/D;errore;doc15151_depth3_docenti.unisa.it-005199-en-research-projects-tip=6&ruolo=responsabile.html
N/D;errore;doc15181_depth3_docenti.unisa.it-020763-ricerca-progetti-progetto=24750.html
N/D;errore;doc15200_depth3_docenti.unisa.it-005199-ricerca-progetti-tip=6&ruolo=responsabile&stato=0.html
N/D;404, pagina non trovata;doc15225_depth3_docenti.unisa.it-020763-020763-didattica-orari-include=attivita&attivita=EC2025-A9-A-H-S1-S1-88598-521023.html
N/D;errore;doc15203_depth3_docenti.unisa.it-005199-en-research-projects-ruolo=responsabile&stato=0.html
N/D;errore;doc15207_depth3_docenti.unisa.it-005199-ricerca-progetti-tip=6&ruolo=tutti.html
N/D;errore;doc15242_depth3_docenti.unisa.it-005199-en-research-projects-ruolo=tutti.html
N/D;errore;doc15257_depth3_docenti.unisa.it-005199-en-research-projects-ruolo=responsabile.html
N/D;errore;doc15255_depth3_docenti.unisa.it-005199-ricerca-progetti-ruolo=tutti&stato=0.html
N/D;errore;doc15288_depth3_docenti.unisa.it-005199-ricerca-progetti-progetto=18557.html
N/D;nessun contenuto;doc15447_depth3_docenti.unisa.it-041789-ricerca-focus.html
N/D;nessun contenuto;doc15445_depth3_docenti.unisa.it-005501-international-progetti.html
N/D;nessun contenuto;doc15466_depth3_docenti.unisa.it-005501-international-bip.html
N/D;errore;doc1549_depth2_docenti.unisa.it-004322-didattica-anno=2025&id=516065.html
N/D;404;doc1556_depth2_docenti.unisa.it-038016-ricerca-pubblicazioni-anno=0.html
N/D;404, pagina non trovata;doc15575_depth3_docenti.unisa.it-022852-ricerca-link.springer.com-book-10.1007-978-3-030-37161-6.html
N/D;404, pagina non trovata;doc15574_depth3_docenti.unisa.it-022852-ricerca-link.springer.com-book-10.1007-978-3-030-56970-9.html
N/D;404, pagina non trovata;doc15656_depth3_docenti.unisa.it-058553-ricerca-www.elsevier.com-locate-neucom.html
N/D;404, pagina non trovata;doc15669_depth3_docenti.unisa.it-058553-058553-didattica-orari-include=attivita&attivita=EC2025-N0-N0-S1-S1-84102-518973.html
N/D;errore;doc15678_depth3_docenti.unisa.it-058553-didattica-anno=2021&id=513421.html
N/D;errore;doc15682_depth3_docenti.unisa.it-058553-didattica-anno=2022&id=516030.html
N/D;errore;doc15696_depth3_docenti.unisa.it-058553-didattica-anno=2023&id=513445.html
N/D;errore;doc15706_depth3_docenti.unisa.it-058553-didattica-anno=2021&id=513445.html
N/D;404, pagina non trovata;doc15681_depth3_docenti.unisa.it-058553-058553-didattica-orari-include=attivita&attivita=EC2025-N0-N0-S2-S2-88744-521541.html
N/D;errore;doc15687_depth3_docenti.unisa.it-058553-didattica-anno=2022&id=513445.html
N/D;errore;doc15729_depth3_docenti.unisa.it-058553-didattica-anno=2025&id=521541&cId=10001-2025.html
N/D;errore;doc15718_depth3_docenti.unisa.it-058553-didattica-anno=2025&id=521541&cId=10003-2025.html
N/D;errore;doc15727_depth3_docenti.unisa.it-058553-didattica-anno=2025&id=521541&cId=10000-2025.html
N/D;404, pagina non trovata;doc15744_depth3_docenti.unisa.it-058553-058553-didattica-orari-include=attivita&attivita=EC2025-N0-N0-S2-S2-88779-521924.html
N/D;404, pagina non trovata;doc15756_depth3_docenti.unisa.it-058553-058553-didattica-orari-include=attivita&attivita=EC2025-N0-N0-S1-S1-82342-515720.html
N/D;errore;doc15753_depth3_docenti.unisa.it-058553-didattica-anno=2025&id=521541&cId=10002-2025.html
N/D;errore;doc15763_depth3_docenti.unisa.it-058553-didattica-anno=2024&id=513445.html
N/D;errore;doc15764_depth3_docenti.unisa.it-058553-didattica-anno=2024&id=516030.html
N/D;404, pagina non trovata;doc15776_depth3_docenti.unisa.it-058553-058553-didattica-orari-include=attivita&attivita=EC2025-N0-N0-S1-S1-83804-516041.html
N/D;404, pagina non trovata;doc15893_depth3_docenti.unisa.it-005501-005501-didattica-orari-include=attivita&attivita=EC2025-N0-N0-S1-S1-62182-508279.html
N/D;404, pagina non trovata;doc16073_depth3_docenti.unisa.it-041789-041789-didattica-orari-include=attivita&attivita=EC2025-N0-N0-S1-S1-83789-516032.html
N/D;errore;doc16096_depth3_docenti.unisa.it-005501-didattica-anno=2021&id=513445.html
N/D;errore;doc16104_depth3_docenti.unisa.it-005501-didattica-anno=2021&id=513421.html
N/D;404, pagina non trovata;doc16123_depth3_docenti.unisa.it-041789-041789-didattica-orari-include=attivita&attivita=EC2025-A9-I-Z-S2-S2-88663-521339.html
N/D;404, pagina non trovata;doc16185_depth3_docenti.unisa.it-005501-005501-didattica-orari-include=attivita&attivita=EC2025-N0-N0-S2-S2-83689-517909.html
N/D;errore;doc16200_depth3_docenti.unisa.it-005501-didattica-anno=2023&id=513445.html
N/D;404, pagina non trovata;doc16254_depth3_docenti.unisa.it-005501-005501-didattica-orari-include=attivita&attivita=EC2025-N0-N0-S1-S1-84052-512139.html
N/D;errore;doc16256_depth3_docenti.unisa.it-005501-didattica-anno=2017&id=512146.html
N/D;errore;doc16274_depth3_docenti.unisa.it-005501-didattica-anno=2019&id=513421.html
N/D;404, pagina non trovata;doc16280_depth3_docenti.unisa.it-005501-005501-didattica-orari-include=attivita&attivita=EC2025-N0-N0-S2-S2-88779-521924.html
N/D;errore;doc16287_depth3_docenti.unisa.it-005501-didattica-anno=2017&id=505758.html
N/D;404, pagina non trovata;doc16283_depth3_docenti.unisa.it-041789-041789-didattica-orari-include=attivita&attivita=EC2025-A9-I-Z-S1-S1-89985-521330.html
N/D;errore;doc16286_depth3_docenti.unisa.it-005501-didattica-anno=2019&id=513445.html
N/D;errore;doc16292_depth3_docenti.unisa.it-005501-didattica-anno=2022&id=516030.html
N/D;errore;doc16337_depth3_docenti.unisa.it-005501-didattica-anno=2022&id=513445.html
N/D;errore;doc16355_depth3_docenti.unisa.it-005501-didattica-anno=2024&id=516030.html
N/D;errore;doc16359_depth3_docenti.unisa.it-005501-didattica-anno=2016&id=505758.html
N/D;errore;doc16371_depth3_docenti.unisa.it-005501-didattica-anno=2018&id=512146.html
N/D;nessun contenuto;doc16417_depth3_docenti.unisa.it-004260-ricerca-focus.html
N/D;errore;doc16459_depth3_docenti.unisa.it-004260-ricerca-progetti-tip=6&ruolo=componente.html
N/D;nessun contenuto;doc16460_depth3_docenti.unisa.it-054591-international-progetti.html
N/D;errore;doc16501_depth3_docenti.unisa.it-004260-ricerca-progetti-tip=6&ruolo=tutti.html
N/D;nessun contenuto;doc16503_depth3_docenti.unisa.it-054591-international-bip.html
N/D;errore;doc16544_depth3_docenti.unisa.it-004260-ricerca-progetti-progetto=18557.html
N/D;errore;doc16557_depth3_docenti.unisa.it-004260-ricerca-progetti-ruolo=componente&stato=0.html
N/D;errore;doc16601_depth3_docenti.unisa.it-004260-didattica-anno=2014&id=505792.html
N/D;errore;doc16606_depth3_docenti.unisa.it-004260-didattica-anno=2014&id=505767.html
N/D;errore;doc16617_depth3_docenti.unisa.it-004260-didattica-anno=2023&id=515207.html
N/D;errore;doc16639_depth3_docenti.unisa.it-004260-didattica-anno=2024&id=515207.html
N/D;errore;doc16640_depth3_docenti.unisa.it-004260-ricerca-progetti-ruolo=tutti&stato=0.html
N/D;errore;doc16659_depth3_docenti.unisa.it-004260-didattica-anno=2017&id=505767.html
N/D;404, pagina non trovata;doc16667_depth3_docenti.unisa.it-004260-004260-didattica-orari-include=attivita&attivita=EC2025-A9-I-Z-S1-S1-82075-515207.html
N/D;errore;doc16670_depth3_docenti.unisa.it-004260-didattica-anno=2025&id=515207&cId=10002-2022&pId=A9-I-Z-S1.html
N/D;errore;doc16679_depth3_docenti.unisa.it-004260-didattica-anno=2020&id=505767.html
N/D;errore;doc16681_depth3_docenti.unisa.it-004260-didattica-anno=2022&id=515207.html
N/D;errore;doc16684_depth3_docenti.unisa.it-004260-didattica-anno=2025&id=515207&cId=10002-2022&pId=A9-A-H-S1.html
N/D;errore;doc16688_depth3_docenti.unisa.it-001722-ricerca-progetti-progetto=24750.html
N/D;errore;doc16695_depth3_docenti.unisa.it-004260-didattica-anno=2025&id=515207&cId=10000-2022.html
N/D;errore;doc16716_depth3_docenti.unisa.it-004260-didattica-anno=2025&id=515207&cId=10001-2022.html
N/D;errore;doc16717_depth3_docenti.unisa.it-004260-didattica-anno=2025&id=515207&cId=10002-2022.html
N/D;errore;doc16741_depth3_docenti.unisa.it-004260-didattica-anno=2018&id=505767.html
N/D;errore;doc16746_depth3_docenti.unisa.it-004260-en-research-projects-ruolo=componente.html
N/D;errore;doc16750_depth3_docenti.unisa.it-004260-en-research-projects-ruolo=tutti.html
N/D;errore;doc16754_depth3_docenti.unisa.it-004260-didattica-anno=2015&id=505767.html
N/D;errore;doc16756_depth3_docenti.unisa.it-004260-didattica-anno=2015&id=505792.html
N/D;errore;doc16762_depth3_docenti.unisa.it-004260-didattica-anno=2018&id=509543.html
N/D;errore;doc16784_depth3_docenti.unisa.it-004260-didattica-anno=2021&id=513329.html
N/D;errore;doc16790_depth3_docenti.unisa.it-004260-didattica-anno=2019&id=505767.html
N/D;404, pagina non trovata;doc16798_depth3_docenti.unisa.it-004260-ricerca-www.wkap.nl-journalhome.htm-0301-1623.html
N/D;errore;doc1680_depth2_docenti.unisa.it-037676-didattica-anno=2025&id=521532.html
N/D;errore;doc16818_depth3_docenti.unisa.it-004260-didattica-anno=2016&id=505767.html
N/D;404, pagina non trovata;doc16864_depth3_docenti.unisa.it-022852-022852-didattica-orari-include=attivita&attivita=EC2025-N0-N0-S2-S2-88809-521986.html
N/D;404, pagina non trovata;doc16876_depth3_docenti.unisa.it-022852-022852-didattica-orari-include=attivita&attivita=EC2025-N0-N0-S1-S1-83602-517051.html
N/D;404, pagina non trovata;doc16884_depth3_docenti.unisa.it-022852-022852-didattica-orari-include=attivita&attivita=EC2025-N0-N0-S2-S2-77947-510085.html
N/D;404, pagina non trovata;doc16887_depth3_corsi.unisa.it-ingegneria-informatica-en-activities-and-services-0650106200800001-contatti.html
N/D;404, pagina non trovata;doc16886_depth3_docenti.unisa.it-022852-022852-didattica-orari-include=attivita&attivita=EC2025-N0-N0-S2-S2-89440-521877.html
N/D;404, pagina non trovata;doc16889_depth3_docenti.unisa.it-022852-022852-didattica-orari-include=attivita&attivita=EC2025-A9-I-Z-S1-S1-82085-507092.html
N/D;errore;doc16906_depth3_docenti.unisa.it-022852-didattica-anno=2016&id=507170.html
N/D;errore;doc16903_depth3_docenti.unisa.it-022852-didattica-anno=2023&id=507092.html
N/D;errore;doc16907_depth3_docenti.unisa.it-022852-didattica-anno=2025&id=507092&cId=10000-2022.html
N/D;errore;doc16914_depth3_docenti.unisa.it-022852-didattica-anno=2025&id=507092&cId=10002-2022&pId=A9-A-H-S1.html
N/D;errore;doc16918_depth3_docenti.unisa.it-022852-didattica-anno=2014&id=507170.html
N/D;errore;doc16919_depth3_docenti.unisa.it-022852-didattica-anno=2024&id=507092.html
N/D;errore;doc16925_depth3_docenti.unisa.it-022852-didattica-anno=2025&id=507092&cId=10002-2022.html
N/D;errore;doc16935_depth3_docenti.unisa.it-022852-didattica-anno=2025&id=507092&cId=10001-2022.html
N/D;errore;doc16940_depth3_docenti.unisa.it-022852-didattica-anno=2025&id=507092&cId=10002-2022&pId=A9-I-Z-S1.html
N/D;404, pagina non trovata;doc17024_depth3_corsi.unisa.it-ingegneria-informatica-en-teaching-0650106200800001-contatti.html
N/D;404, pagina non trovata;doc17043_depth3_docenti.unisa.it-054591-054591-didattica-orari-include=attivita&attivita=EC2025-N0-N0-S2-S2-84116-516343.html
N/D;errore;doc17042_depth3_docenti.unisa.it-022852-didattica-anno=2022&id=507092.html
N/D;404, pagina non trovata;doc17069_depth3_docenti.unisa.it-004260-004260-didattica-orari-include=attivita&attivita=EC2025-N0-N0-S1-S1-77698-515196.html
N/D;nessun contenuto;doc17074_depth3_docenti.unisa.it-054591-ricerca-focus.html
N/D;404, pagina non trovata;doc17100_depth3_docenti.unisa.it-054591-054591-didattica-orari-include=attivita&attivita=EC2025-A9-A-H-S2-S2-82083-516087.html
N/D;404, pagina non trovata;doc17095_depth3_corsi.unisa.it-ingegneria-informatica-strutture-didattiche-0650106200800001-contatti.html
N/D;404, pagina non trovata;doc17134_depth3_corsi.unisa.it-ingegneria-informatica-en-teaching-0650106200800001-en-teaching-lessons-timetable.html
N/D;nessun contenuto;doc17139_depth3_docenti.unisa.it-020346-ricerca-focus.html
N/D;nessun contenuto;doc17160_depth3_docenti.unisa.it-023586-ricerca-focus.html
N/D;404, pagina non trovata;doc17192_depth3_corsi.unisa.it-ingegneria-informatica-en-teaching-facilities-calendario-occupazione-spazi-sede=FSTEC-05-06&aula=FSTEC-05PTE019.html
N/D;404, pagina non trovata;doc17216_depth3_corsi.unisa.it-ingegneria-informatica-en-teaching-facilities-calendario-occupazione-spazi-sede=FINV-09C&aula=FINV-09CP01019.html
N/D;404, pagina non trovata;doc17206_depth3_corsi.unisa.it-ingegneria-informatica-en-teaching-facilities-calendario-occupazione-spazi-sede=FINV-09C&aula=FINV-09CPTE005.html
N/D;404, pagina non trovata;doc17204_depth3_corsi.unisa.it-ingegneria-informatica-en-teaching-facilities-calendario-occupazione-spazi-sede=FINV-07E&aula=FINV-07EP01001.html
N/D;errore;doc17203_depth3_docenti.unisa.it-023586-didattica-anno=2018&id=505758.html
N/D;404, pagina non trovata;doc17207_depth3_corsi.unisa.it-ingegneria-informatica-en-teaching-facilities-calendario-occupazione-spazi-sede=FINV-07E&aula=FINV-07EPTE007.html
N/D;404, pagina non trovata;doc17214_depth3_docenti.unisa.it-023586-023586-didattica-orari-include=attivita&attivita=EC2025-A9-A-H-S2-S2-88746-521540.html
N/D;nessun contenuto;doc17213_depth3_docenti.unisa.it-003780-ricerca-focus.html
N/D;404, pagina non trovata;doc17199_depth3_corsi.unisa.it-ingegneria-informatica-en-teaching-facilities-calendario-occupazione-spazi-sede=FSTEC-05-06&aula=FSTEC-05P01076.html
N/D;404, pagina non trovata;doc17224_depth3_corsi.unisa.it-ingegneria-informatica-en-teaching-facilities-calendario-occupazione-spazi-sede=FSTEC-05-06&aula=FSTEC-06P01007.html
N/D;404, pagina non trovata;doc17225_depth3_corsi.unisa.it-ingegneria-informatica-en-teaching-facilities-calendario-occupazione-spazi-sede=FSTEC-05-06&aula=FSTEC-06P01009.html
N/D;404, pagina non trovata;doc17226_depth3_corsi.unisa.it-ingegneria-informatica-en-teaching-facilities-calendario-occupazione-spazi-sede=FINV-09C&aula=FINV-09CS01009.html
N/D;404, pagina non trovata;doc17223_depth3_corsi.unisa.it-ingegneria-informatica-en-teaching-facilities-calendario-occupazione-spazi-sede=FINV-07E&aula=FINV-07EP01021.html
N/D;404, pagina non trovata;doc17231_depth3_corsi.unisa.it-ingegneria-informatica-en-teaching-facilities-calendario-occupazione-spazi-sede=FSTEC-05-06&aula=FSTEC-05PTE020.html
N/D;404, pagina non trovata;doc17236_depth3_docenti.unisa.it-023586-023586-didattica-orari-include=attivita&attivita=EC2025-N0-N0-S2-S2-77712-515199.html
N/D;404, pagina non trovata;doc17239_depth3_corsi.unisa.it-ingegneria-informatica-en-teaching-facilities-calendario-occupazione-spazi-sede=FINV-09C&aula=FINV-09CP01003.html
N/D;404, pagina non trovata;doc17240_depth3_corsi.unisa.it-ingegneria-informatica-en-teaching-facilities-calendario-occupazione-spazi-sede=FSTEC-05-06&aula=FSTEC-05PTE022.html
N/D;404, pagina non trovata;doc17246_depth3_corsi.unisa.it-ingegneria-informatica-en-teaching-facilities-calendario-occupazione-spazi-sede=FINV-09C&aula=FINV-09CPTE006.html
N/D;404, pagina non trovata;doc17250_depth3_corsi.unisa.it-ingegneria-informatica-en-teaching-facilities-calendario-occupazione-spazi-sede=FINV-07E&aula=FINV-07EPTE013.html
N/D;404, pagina non trovata;doc17252_depth3_corsi.unisa.it-ingegneria-informatica-en-teaching-facilities-calendario-occupazione-spazi-sede=FSTEC-05-06&aula=FSTEC-05PTE011.html
N/D;404, pagina non trovata;doc17256_depth3_corsi.unisa.it-ingegneria-informatica-en-teaching-facilities-calendario-occupazione-spazi-sede=FINV-07E&aula=FINV-07EPTE005.html
N/D;404, pagina non trovata;doc17257_depth3_corsi.unisa.it-ingegneria-informatica-en-teaching-facilities-calendario-occupazione-spazi-sede=FINV-07E&aula=FINV-07EP01014.html
N/D;404, pagina non trovata;doc17251_depth3_corsi.unisa.it-ingegneria-informatica-en-teaching-facilities-calendario-occupazione-spazi-sede=FSTEC-05-06&aula=FSTEC-05P01085.html
N/D;404, pagina non trovata;doc17259_depth3_corsi.unisa.it-ingegneria-informatica-en-teaching-facilities-calendario-occupazione-spazi-sede=FINV-14D&aula=FINV-14DPTE013.html
N/D;404, pagina non trovata;doc17266_depth3_corsi.unisa.it-ingegneria-informatica-en-teaching-facilities-calendario-occupazione-spazi-sede=FINV-07E&aula=FINV-07EP01022.html
N/D;404, pagina non trovata;doc17270_depth3_corsi.unisa.it-ingegneria-informatica-en-teaching-facilities-calendario-occupazione-spazi-sede=FINV-09C&aula=FINV-09CPTE014.html
N/D;404, pagina non trovata;doc17274_depth3_corsi.unisa.it-ingegneria-informatica-en-teaching-facilities-calendario-occupazione-spazi-sede=FINV-09C&aula=FINV-09CPTE004.html
N/D;404, pagina non trovata;doc17275_depth3_corsi.unisa.it-ingegneria-informatica-en-teaching-facilities-calendario-occupazione-spazi-sede=FSTEC-05-06&aula=FSTEC-05P01037.html
N/D;404, pagina non trovata;doc17277_depth3_corsi.unisa.it-ingegneria-informatica-en-teaching-facilities-calendario-occupazione-spazi-sede=FSTEC-05-06&aula=FSTEC-05P01082.html
N/D;404, pagina non trovata;doc17289_depth3_corsi.unisa.it-ingegneria-informatica-en-teaching-facilities-calendario-occupazione-spazi-sede=FSTEC-05-06&aula=FSTEC-05PTE007.html
N/D;errore;doc17290_depth3_docenti.unisa.it-023586-didattica-anno=2019&id=505758.html
N/D;404, pagina non trovata;doc17293_depth3_corsi.unisa.it-ingegneria-informatica-en-teaching-facilities-calendario-occupazione-spazi-sede=FINV-09C&aula=FINV-09CPTE015.html
N/D;nessun contenuto;doc17664_depth3_docenti.unisa.it-003780-international-bip.html
N/D;nessun contenuto;doc17657_depth3_docenti.unisa.it-003780-international-progetti.html
N/D;404, pagina non trovata;doc17730_depth3_docenti.unisa.it-023586-023586-didattica-orari-include=attivita&attivita=EC2025-N0-N0-S1-S1-76149-515727.html
N/D;404, pagina non trovata;doc17736_depth3_docenti.unisa.it-023586-023586-didattica-orari-include=attivita&attivita=EC2025-A9-A-H-S1-S1-77691-505759.html
N/D;errore;doc17908_depth3_docenti.unisa.it-005768-didattica-anno=2017&id=512146.html
N/D;errore;doc17938_depth3_docenti.unisa.it-005768-didattica-anno=2022&id=516030.html
N/D;errore;doc17943_depth3_docenti.unisa.it-005768-didattica-anno=2020&id=513421.html
N/D;errore;doc17942_depth3_docenti.unisa.it-005768-didattica-anno=2020&id=513445.html
N/D;404, pagina non trovata;doc17964_depth3_docenti.unisa.it-005768-005768-didattica-orari-include=attivita&attivita=EC2025-N0-N0-S1-S1-84066-515136.html
N/D;errore;doc17973_depth3_docenti.unisa.it-005768-didattica-anno=2021&id=513445.html
N/D;errore;doc17969_depth3_docenti.unisa.it-005768-didattica-anno=2021&id=513421.html
N/D;errore;doc17936_depth3_docenti.unisa.it-005768-didattica-anno=2022&id=513445.html
N/D;404, pagina non trovata;doc17978_depth3_docenti.unisa.it-003780-ricerca-www.elsevier.com-inca-publications-store-3-2-8-.html
N/D;nessun contenuto;doc18068_depth3_docenti.unisa.it-001319-ricerca-focus.html
N/D;errore;doc1804_depth2_docenti.unisa.it-026200-ricerca-progetti-ruolo=tutti.html
N/D;errore;doc18155_depth3_docenti.unisa.it-005768-didattica-anno=2019&id=513421.html
N/D;errore;doc18157_depth3_docenti.unisa.it-005768-didattica-anno=2019&id=513445.html
N/D;errore;doc18166_depth3_docenti.unisa.it-005768-didattica-anno=2019&id=512507.html
N/D;errore;doc18163_depth3_docenti.unisa.it-005768-didattica-anno=2019&id=512146.html
N/D;errore;doc1818_depth2_docenti.unisa.it-026200-ricerca-progetti-ruolo=componente.html
N/D;errore;doc18228_depth3_docenti.unisa.it-005768-didattica-anno=2018&id=512146.html
N/D;404, pagina non trovata;doc18257_depth3_docenti.unisa.it-005768-005768-didattica-orari-include=attivita&attivita=EC2025-N0-N0-S1-S1-84055-518959.html
N/D;errore;doc18243_depth3_docenti.unisa.it-005768-didattica-anno=2023&id=513445.html
N/D;404, pagina non trovata;doc18315_depth3_docenti.unisa.it-020346-020346-didattica-orari-include=attivita&attivita=EC2025-N0-N0-S2-S2-78120-515204.html
N/D;404, pagina non trovata;doc18316_depth3_docenti.unisa.it-020346-020346-didattica-orari-include=attivita&attivita=EC2025-N0-N0-S2-S2-82358-515725.html
N/D;404, pagina non trovata;doc18280_depth3_docenti.unisa.it-005768-005768-didattica-orari-include=attivita&attivita=EC2025-A9-A-H-S1-S1-78806-515192.html
N/D;errore;doc18311_depth3_docenti.unisa.it-005768-didattica-anno=2023&id=516030.html
N/D;404, pagina non trovata;doc18363_depth3_docenti.unisa.it-003780-003780-didattica-orari-include=attivita&attivita=EC2025-N0-N0-S1-S1-82344-515721.html
N/D;404, pagina non trovata;doc18341_depth3_docenti.unisa.it-020346-020346-didattica-orari-include=attivita&attivita=EC2025-N0-N0-S2-S2-88806-521987.html
N/D;errore;doc18377_depth3_docenti.unisa.it-020346-didattica-anno=2015&id=505760.html
N/D;404, pagina non trovata;doc18412_depth3_docenti.unisa.it-020346-020346-didattica-orari-include=attivita&attivita=EC2025-N0-N0-S1-S1-89474-523200.html
N/D;404, pagina non trovata;doc18415_depth3_docenti.unisa.it-001319-001319-didattica-orari-include=attivita&attivita=EC2025-N0-N0-S1-S1-76151-515729.html
N/D;404, pagina non trovata;doc18430_depth3_docenti.unisa.it-003780-003780-didattica-orari-include=attivita&attivita=EC2025-N0-N0-S1-S1-83830-516049.html
N/D;404, pagina non trovata;doc18418_depth3_docenti.unisa.it-001319-001319-didattica-orari-include=attivita&attivita=EC2025-A9-A-H-S2-S2-77689-505757.html
N/D;nessun contenuto;doc18435_depth3_docenti.unisa.it-003735-international-progetti.html
N/D;errore;doc18421_depth3_docenti.unisa.it-020346-didattica-anno=2015&id=505786.html
N/D;nessun contenuto;doc18460_depth3_docenti.unisa.it-003735-international-bip.html
N/D;404, pagina non trovata;doc18502_depth3_docenti.unisa.it-003780-003780-didattica-orari-include=attivita&attivita=EC2025-N0-N0-S1-S1-84105-515135.html
N/D;errore;doc18572_depth3_docenti.unisa.it-003735-didattica-anno=2015&id=505786.html
N/D;errore;doc18566_depth3_docenti.unisa.it-003735-didattica-anno=2015&id=505760.html
N/D;404, pagina non trovata;doc18593_depth3_docenti.unisa.it-003780-003780-didattica-orari-include=attivita&attivita=EC2025-A9-A-H-S2-S2-88663-521339.html
N/D;errore;doc18612_depth3_docenti.unisa.it-003735-didattica-anno=2023&id=516042.html
N/D;errore;doc18609_depth3_docenti.unisa.it-003735-didattica-anno=2022&id=516042.html
N/D;nessun contenuto;doc18615_depth3_docenti.unisa.it-005768-ricerca-focus.html
N/D;404;doc18618_depth3_docenti.unisa.it-005133-en-research-publications-anno=2009.html
N/D;404, pagina non trovata;doc18631_depth3_docenti.unisa.it-003735-003735-didattica-orari-include=attivita&attivita=EC2025-N0-N0-S1-S1-88771-521920.html
N/D;404, pagina non trovata;doc18616_depth3_docenti.unisa.it-001319-001319-didattica-orari-include=attivita&attivita=EC2025-N0-N0-S2-S2-84109-513427.html
N/D;errore;doc18632_depth3_docenti.unisa.it-003735-didattica-anno=2022&id=515132.html
N/D;errore;doc18627_depth3_docenti.unisa.it-003735-didattica-anno=2014&id=505760.html
N/D;errore;doc18647_depth3_docenti.unisa.it-003735-didattica-anno=2025&id=521532&cId=10001-2025&pId=A9-A-H-S1.html
N/D;errore;doc18656_depth3_docenti.unisa.it-003735-didattica-anno=2019&id=512500.html
N/D;errore;doc18646_depth3_docenti.unisa.it-003735-didattica-anno=2019&id=513417.html
N/D;errore;doc18657_depth3_docenti.unisa.it-003735-didattica-anno=2025&id=521532&cId=10001-2025&pId=A9-I-Z-S1.html
N/D;404, pagina non trovata;doc18667_depth3_docenti.unisa.it-003735-003735-didattica-orari-include=attivita&attivita=EC2025-N0-N0-S2-S2-84103-515156.html
N/D;errore;doc18670_depth3_docenti.unisa.it-003735-didattica-anno=2025&id=521532&cId=10003-2025.html
N/D;errore;doc18669_depth3_docenti.unisa.it-003735-didattica-anno=2025&id=521532&cId=10002-2025.html
N/D;404, pagina non trovata;doc18658_depth3_docenti.unisa.it-003735-003735-didattica-orari-include=attivita&attivita=EC2025-A9-A-H-S1-S1-88702-521532.html
N/D;errore;doc18630_depth3_docenti.unisa.it-003735-didattica-anno=2023&id=515132.html
N/D;errore;doc18665_depth3_docenti.unisa.it-003735-didattica-anno=2025&id=521532&cId=10001-2025.html
N/D;errore;doc18641_depth3_docenti.unisa.it-003735-didattica-anno=2014&id=505786.html
N/D;nessun contenuto;doc18613_depth3_docenti.unisa.it-003735-ricerca-focus.html
N/D;errore;doc18673_depth3_docenti.unisa.it-003735-didattica-anno=2025&id=521532&cId=10000-2025.html
N/D;errore;doc18694_depth3_docenti.unisa.it-003735-didattica-anno=2024&id=516042.html
N/D;errore;doc18686_depth3_docenti.unisa.it-003735-didattica-anno=2024&id=515132.html
N/D;errore;doc18693_depth3_docenti.unisa.it-003735-didattica-anno=2024&id=518949.html
N/D;404, pagina non trovata;doc18785_depth3_docenti.unisa.it-003735-003735-didattica-orari-include=attivita&attivita=EC2025-N0-N0-S2-S2-78120-515204.html
N/D;errore;doc18803_depth3_docenti.unisa.it-003735-didattica-anno=2020&id=513417.html
N/D;404;doc18725_depth3_docenti.unisa.it-005133-en-research-publications-anno=0.html
N/D;errore;doc18823_depth3_docenti.unisa.it-003735-didattica-anno=2020&id=513444.html
N/D;errore;doc18981_depth3_docenti.unisa.it-003735-didattica-anno=2021&id=513444.html
N/D;404, pagina non trovata;doc18937_depth3_docenti.unisa.it-003735-003735-didattica-orari-include=attivita&attivita=EC2025-N0-N0-S1-S1-89474-523200.html
N/D;errore;doc1896_depth2_docenti.unisa.it-005630-didattica-anno=2025&id=521535.html
N/D;404, pagina non trovata;doc19088_depth3_docenti.unisa.it-003735-ricerca-www.tandf.co.uk-journals-titles-03610926.asp.html
N/D;nessun contenuto;doc19096_depth3_docenti.unisa.it-005133-ricerca-focus.html
N/D;nessun contenuto;doc19170_depth3_docenti.unisa.it-005610-international-bip.html
N/D;nessun contenuto;doc19186_depth3_docenti.unisa.it-005610-international-progetti.html
N/D;nessun contenuto;doc19250_depth3_docenti.unisa.it-005768-international-progetti.html
N/D;nessun contenuto;doc19312_depth3_docenti.unisa.it-005768-international-bip.html
N/D;nessun contenuto;doc19392_depth3_docenti.unisa.it-005610-ricerca-focus.html
N/D;404;doc19703_depth3_docenti.unisa.it-001295-en-research-publications-anno=2012.html
N/D;404;doc19738_depth3_docenti.unisa.it-001295-en-research-publications-anno=1992.html
N/D;404;doc19765_depth3_docenti.unisa.it-001295-ricerca-pubblicazioni-anno=1992&tip=262.html
N/D;404;doc19726_depth3_docenti.unisa.it-001295-en-research-publications-anno=0.html
N/D;404;doc19781_depth3_docenti.unisa.it-001295-ricerca-pubblicazioni-anno=2012&tip=262.html
N/D;404;doc19818_depth3_docenti.unisa.it-001295-ricerca-pubblicazioni-anno=0&tip=262.html
N/D;404, pagina non trovata;doc20036_depth3_docenti.unisa.it-062461-062461-didattica-orari-include=attivita&attivita=EC2025-N0-N0-S1-S1-76152-515730.html
N/D;nessun contenuto;doc20039_depth3_docenti.unisa.it-001295-ricerca-focus.html
N/D;nessun contenuto;doc20098_depth3_docenti.unisa.it-062461-ricerca-focus.html
N/D;nessun contenuto;doc20114_depth3_docenti.unisa.it-001295-international-progetti.html
N/D;404, pagina non trovata;doc20128_depth3_docenti.unisa.it-001295-ricerca-www.novapublishers.com-catalog-product_info.php-products_id=53131&osCsid=.html
N/D;nessun contenuto;doc20239_depth3_docenti.unisa.it-082691-ricerca-focus.html
N/D;404, pagina non trovata;doc20344_depth3_docenti.unisa.it-001295-001295-didattica-orari-include=attivita&attivita=EC2025-A9-I-Z-S2-S2-88670-521342.html
N/D;nessun contenuto;doc20322_depth3_docenti.unisa.it-004701-ricerca-focus.html
N/D;404, pagina non trovata;doc20349_depth3_docenti.unisa.it-001295-001295-didattica-orari-include=attivita&attivita=EC2025-N0-N0-S2-S2-88690-521893.html
N/D;404, pagina non trovata;doc20426_depth3_docenti.unisa.it-001295-001295-didattica-orari-include=attivita&attivita=EC2025-N0-N0-S1-S1-83833-516047.html
N/D;404, pagina non trovata;doc20428_depth3_docenti.unisa.it-005610-005610-didattica-orari-include=attivita&attivita=EC2025-N0-N0-S1-S1-82346-515722.html
N/D;errore;doc20434_depth3_docenti.unisa.it-005610-didattica-anno=2022&id=515139.html
N/D;404, pagina non trovata;doc20436_depth3_docenti.unisa.it-005610-005610-didattica-orari-include=attivita&attivita=EC2025-N0-N0-S1-S1-77757-506313.html
N/D;404, pagina non trovata;doc20437_depth3_docenti.unisa.it-005610-005610-didattica-orari-include=attivita&attivita=EC2025-N0-N0-S1-S1-88790-521983.html
N/D;errore;doc20485_depth3_docenti.unisa.it-005610-didattica-anno=2021&id=514313.html
N/D;404, pagina non trovata;doc20523_depth3_docenti.unisa.it-005610-005610-didattica-orari-include=attivita&attivita=EC2025-N0-N0-S2-S2-83611-518891.html
N/D;errore;doc20526_depth3_docenti.unisa.it-005610-didattica-anno=2023&id=515722.html
N/D;404, pagina non trovata;doc20529_depth3_docenti.unisa.it-001295-001295-didattica-orari-include=attivita&attivita=EC2025-A9-I-Z-S1-S1-88604-521326.html
N/D;errore;doc20542_depth3_docenti.unisa.it-005610-didattica-anno=2024&id=515722.html
N/D;404;doc20690_depth3_docenti.unisa.it-005133-ricerca-pubblicazioni-anno=2009&tip=273.html
N/D;404, pagina non trovata;doc20702_depth3_docenti.unisa.it-005610-005610-didattica-orari-include=attivita&attivita=EC2025-N0-N0-S2-S2-78362-515661.html
N/D;nessun contenuto;doc20776_depth3_docenti.unisa.it-001670-ricerca-focus.html
N/D;404, pagina non trovata;doc2079_depth2_corsi.unisa.it-ingegneria-dell-informazione-didattica-DOT18CK8F9-contatti.html
N/D;nessun contenuto;doc20821_depth3_docenti.unisa.it-001670-international-bip.html
N/D;404;doc20852_depth3_docenti.unisa.it-005133-ricerca-pubblicazioni-anno=0&tip=273.html
N/D;404, pagina non trovata;doc20861_depth3_docenti.unisa.it-082691-082691-didattica-orari-include=attivita&attivita=EC2025-A9-I-Z-S1-S1-77691-505759.html
N/D;nessun contenuto;doc20843_depth3_docenti.unisa.it-001670-international-progetti.html
N/D;404, pagina non trovata;doc20871_depth3_docenti.unisa.it-082691-082691-didattica-orari-include=attivita&attivita=EC2025-N0-N0-S1-S1-88683-521895.html
N/D;not found;doc20885_depth3_docenti.unisa.it-062461-ricerca-www.nature.com-srep-index.html.html
N/D;errore;doc20892_depth3_docenti.unisa.it-001670-en-research-projects-ruolo=componente.html
N/D;errore;doc20893_depth3_docenti.unisa.it-001670-en-research-projects-ruolo=tutti.html
N/D;404, pagina non trovata;doc20947_depth3_docenti.unisa.it-082691-082691-didattica-orari-include=attivita&attivita=EC2025-A9-I-Z-S2-S2-88748-521536.html
N/D;404, pagina non trovata;doc20950_depth3_docenti.unisa.it-082691-082691-didattica-orari-include=attivita&attivita=EC2025-A9-A-H-S1-S1-89985-521330.html
N/D;errore;doc21137_depth3_docenti.unisa.it-001670-ricerca-progetti-ruolo=componente&stato=0.html
N/D;errore;doc21170_depth3_docenti.unisa.it-001670-ricerca-progetti-ruolo=tutti&stato=0.html
N/D;errore;doc21171_depth3_docenti.unisa.it-001670-ricerca-progetti-tip=6&ruolo=tutti.html
N/D;404, pagina non trovata;doc21190_depth3_docenti.unisa.it-004701-004701-didattica-orari-include=attivita&attivita=EC2025-N0-N0-S1-S1-80717-515679.html
N/D;errore;doc21200_depth3_docenti.unisa.it-001670-ricerca-progetti-tip=6&ruolo=componente.html
N/D;errore;doc21205_depth3_docenti.unisa.it-001670-didattica-anno=2015&id=505786.html
N/D;404, pagina non trovata;doc21226_depth3_docenti.unisa.it-004701-004701-didattica-orari-include=attivita&attivita=EC2025-N0-N0-S2-S2-77971-511847.html
N/D;404, pagina non trovata;doc21220_depth3_docenti.unisa.it-004701-004701-didattica-orari-include=attivita&attivita=EC2025-N0-N0-S2-S2-88738-515671.html
N/D;404, pagina non trovata;doc2119_depth2_corsi.unisa.it-ingegneria-dell-informazione-DOT18CK8F9-contatti.html
N/D;errore;doc21233_depth3_docenti.unisa.it-001670-didattica-anno=2015&id=505760.html
N/D;404, pagina non trovata;doc21252_depth3_docenti.unisa.it-004701-004701-didattica-orari-include=attivita&attivita=EC2025-A9-A-H-S2-S2-77689-505757.html
N/D;errore;doc21267_depth3_docenti.unisa.it-003735-ricerca-progetti-progetto=18557.html
N/D;404, pagina non trovata;doc21291_depth3_docenti.unisa.it-004701-004701-didattica-orari-include=attivita&attivita=EC2025-N0-N0-S1-S1-88736-515670.html
N/D;404, pagina non trovata;doc21305_depth3_docenti.unisa.it-004701-004701-didattica-orari-include=attivita&attivita=EC2025-N0-N0-S1-S1-84129-509228-GR1.html
N/D;nessun contenuto;doc21316_depth3_docenti.unisa.it-020346-international-bip.html
N/D;nessun contenuto;doc21318_depth3_docenti.unisa.it-020346-international-progetti.html
N/D;404, pagina non trovata;doc21339_depth3_docenti.unisa.it-005133-005133-didattica-orari-include=attivita&attivita=EC2025-N0-N0-S1-S1-77701-515193.html
N/D;404, pagina non trovata;doc21361_depth3_docenti.unisa.it-005133-005133-didattica-orari-include=attivita&attivita=EC2025-N0-N0-S1-S1-84074-516064.html
N/D;404, pagina non trovata;doc21657_depth4_docenti.unisa.it-020924-en-research-link.springer.com-book-10.1007-978-3-030-37161-6.html
N/D;404, pagina non trovata;doc21663_depth4_docenti.unisa.it-020924-en-research-link.springer.com-book-10.1007-978-3-030-56970-9.html
N/D;errore;doc21942_depth4_docenti.unisa.it-004490-en-research-projects-progetto=18557.html
N/D;404, pagina non trovata;doc2280_depth2_corsi.unisa.it-ingegneria-dell-informazione-en-DOT18CK8F9-contatti.html
N/D;404, pagina non trovata;doc2296_depth2_corsi.unisa.it-electrical-engineering-for-digital-energy-didattica-0650107302900001-contatti.html
N/D;404, pagina non trovata;doc2300_depth2_corsi.unisa.it-electrical-engineering-for-digital-energy-0650107302900001-contatti.html
N/D;404, pagina non trovata;doc2325_depth2_corsi.unisa.it-electrical-engineering-for-digital-energy-attivita-e-servizi-0650107302900001-contatti.html
N/D;errore;doc23478_depth4_docenti.unisa.it-004294-didattica-anno=2018&id=511017&cId=10006-2017.html
N/D;errore;doc23485_depth4_docenti.unisa.it-004294-didattica-anno=2018&id=511017&cId=10003-2017.html
N/D;errore;doc23468_depth4_docenti.unisa.it-004294-didattica-anno=2017&id=511017&cId=10001-2016.html
N/D;errore;doc23457_depth4_docenti.unisa.it-004294-didattica-anno=2017&id=511017&cId=10003-2017.html
N/D;errore;doc23479_depth4_docenti.unisa.it-004294-didattica-anno=2018&id=511017&cId=10007-2017.html
N/D;404, pagina non trovata;doc23444_depth4_docenti.unisa.it-004322-en-research-www.tandf.co.uk-journals-titles-0144929X.asp.html
N/D;errore;doc23505_depth4_docenti.unisa.it-004294-didattica-anno=2018&id=511017&cId=10008-2017.html
N/D;errore;doc23499_depth4_docenti.unisa.it-004294-didattica-anno=2018&id=511017&cId=10004-2017.html
N/D;errore;doc23476_depth4_docenti.unisa.it-004294-didattica-anno=2018&id=511017&cId=10002-2017.html
N/D;errore;doc23534_depth4_docenti.unisa.it-004294-didattica-anno=2016&id=511017&cId=10001-2015.html
N/D;errore;doc23524_depth4_docenti.unisa.it-004294-didattica-anno=2016&id=511017&cId=10001-2016.html
N/D;404, pagina non trovata;doc23518_depth4_docenti.unisa.it-027233-027233-didattica-orari-include=attivita&attivita=EC2025-A9-A-H-S1-S1-82076-505756.html
N/D;404;doc2354_depth2_docenti.unisa.it-001776-ricerca-pubblicazioni-anno=2006.html
N/D;404, pagina non trovata;doc2357_depth2_corsi.unisa.it-electrical-engineering-for-digital-energy-didattica-0650107302900001-didattica-orari.html
N/D;errore;doc23588_depth4_docenti.unisa.it-004294-didattica-anno=2018&id=511017&cId=10005-2017.html
N/D;404, pagina non trovata;doc23658_depth4_docenti.unisa.it-004490-004490-didattica-orari-include=attivita&attivita=EC2025-A9-A-H-S1-S1-82075-515207.html
N/D;errore;doc23697_depth4_docenti.unisa.it-004490-didattica-anno=2021&id=513329&cId=10000-2017.html
N/D;errore;doc23707_depth4_docenti.unisa.it-004490-didattica-anno=2021&id=513329&cId=10003-2017&pId=A9-I-Z-S2.html
N/D;errore;doc23706_depth4_docenti.unisa.it-004490-didattica-anno=2021&id=513329&cId=10003-2017&pId=A9-A-H-S2.html
N/D;errore;doc23692_depth4_docenti.unisa.it-004490-didattica-anno=2023&id=515207&cId=10000-2022.html
N/D;errore;doc23684_depth4_docenti.unisa.it-004490-didattica-anno=2023&id=515207&cId=10002-2022&pId=A9-A-H-S1.html
N/D;errore;doc23699_depth4_docenti.unisa.it-004490-didattica-anno=2025&id=515207&cId=10001-2022&pId=A9-I-Z-S1.html
N/D;errore;doc23717_depth4_docenti.unisa.it-004490-didattica-anno=2022&id=515207&cId=10003-2017&pId=A9-A-H-S1.html
N/D;errore;doc23695_depth4_docenti.unisa.it-004490-didattica-anno=2025&id=515207&cId=10000-2022&pId=A9-I-Z-S1.html
N/D;errore;doc23716_depth4_docenti.unisa.it-004490-didattica-anno=2022&id=515207&cId=10000-2017.html
N/D;errore;doc23694_depth4_docenti.unisa.it-004490-didattica-anno=2021&id=513329&cId=10001-2017.html
N/D;errore;doc23690_depth4_docenti.unisa.it-004490-didattica-anno=2021&id=513329&cId=10003-2017.html
N/D;errore;doc23709_depth4_docenti.unisa.it-004490-didattica-anno=2023&id=515207&cId=10002-2022&pId=A9-I-Z-S1.html
N/D;errore;doc23714_depth4_docenti.unisa.it-004490-didattica-anno=2023&id=515207&cId=10002-2022.html
N/D;errore;doc23687_depth4_docenti.unisa.it-004490-didattica-anno=2023&id=515207&cId=10001-2022.html
N/D;404, pagina non trovata;doc23734_depth4_docenti.unisa.it-004491-004491-didattica-orari-include=attivita&attivita=EC2025-A9-A-H-S2-S2-88746-521540.html
N/D;errore;doc23702_depth4_docenti.unisa.it-004490-didattica-anno=2024&id=515207&cId=10000-2022.html
N/D;errore;doc23718_depth4_docenti.unisa.it-004490-didattica-anno=2024&id=515207&cId=10002-2022&pId=A9-A-H-S1.html
N/D;forbidden;doc23701_depth4_docenti.unisa.it-038016-en-teaching-anno=2024&id=516031.html
N/D;errore;doc23703_depth4_docenti.unisa.it-004490-didattica-anno=2025&id=515207&cId=10000-2022&pId=A9-A-H-S1.html
N/D;errore;doc23725_depth4_docenti.unisa.it-004490-didattica-anno=2022&id=515207&cId=10002-2017.html
N/D;forbidden;doc23705_depth4_docenti.unisa.it-038016-en-teaching-anno=2022&id=516031.html
N/D;errore;doc23691_depth4_docenti.unisa.it-004490-didattica-anno=2025&id=515207&cId=10001-2022&pId=A9-A-H-S1.html
N/D;errore;doc23727_depth4_docenti.unisa.it-004490-didattica-anno=2022&id=515207&cId=10003-2017&pId=A9-I-Z-S1.html
N/D;forbidden;doc23737_depth4_docenti.unisa.it-038016-en-teaching-anno=2023&id=516031.html
N/D;errore;doc23736_depth4_docenti.unisa.it-004490-didattica-anno=2024&id=515207&cId=10002-2022&pId=A9-I-Z-S1.html
N/D;errore;doc23721_depth4_docenti.unisa.it-004490-didattica-anno=2024&id=515207&cId=10001-2022.html
N/D;errore;doc23742_depth4_docenti.unisa.it-004490-didattica-anno=2024&id=515207&cId=10002-2022.html
N/D;errore;doc23769_depth4_docenti.unisa.it-004490-didattica-anno=2021&id=513329&cId=10002-2017.html
N/D;errore;doc23745_depth4_docenti.unisa.it-004490-didattica-anno=2022&id=515207&cId=10003-2017.html
N/D;404, pagina non trovata;doc23809_depth4_docenti.unisa.it-038016-en-research-www.springer.com-series-76.html
N/D;404;doc23836_depth4_docenti.unisa.it-038016-en-research-publications-anno=0&tip=273.html
N/D;404, pagina non trovata;doc23812_depth4_docenti.unisa.it-004491-004491-didattica-orari-include=attivita&attivita=EC2025-A9-I-Z-S1-S1-82076-505756.html
N/D;errore;doc23792_depth4_docenti.unisa.it-004490-didattica-anno=2022&id=515207&cId=10001-2017.html
N/D;404;doc23878_depth4_docenti.unisa.it-038016-en-research-publications-anno=2023&tip=273.html
N/D;404, pagina non trovata;doc23861_depth4_docenti.unisa.it-020924-020924-didattica-orari-include=attivita&attivita=EC2025-A9-I-Z-S1-S1-82085-507092.html
N/D;404, pagina non trovata;doc23888_depth4_docenti.unisa.it-062281-curriculum.html
N/D;errore;doc23904_depth4_docenti.unisa.it-020924-didattica-anno=2025&id=507092&cId=10001-2022&pId=A9-A-H-S1.html
N/D;errore;doc23911_depth4_docenti.unisa.it-020924-didattica-anno=2022&id=507092&cId=10002-2017.html
N/D;errore;doc23927_depth4_docenti.unisa.it-020924-didattica-anno=2022&id=507092&cId=10003-2017&pId=A9-I-Z-S1.html
N/D;errore;doc23935_depth4_docenti.unisa.it-020924-didattica-anno=2022&id=507092&cId=10000-2017.html
N/D;errore;doc23947_depth4_docenti.unisa.it-020924-didattica-anno=2022&id=507092&cId=10003-2017&pId=A9-A-H-S1.html
N/D;errore;doc23902_depth4_docenti.unisa.it-020924-didattica-anno=2025&id=507092&cId=10000-2022&pId=A9-A-H-S1.html
N/D;errore;doc23919_depth4_docenti.unisa.it-020924-didattica-anno=2022&id=507092&cId=10003-2017.html
N/D;errore;doc23965_depth4_docenti.unisa.it-020924-didattica-anno=2024&id=507092&cId=10002-2022.html
N/D;404, pagina non trovata;doc23969_depth4_docenti.unisa.it-004322-004322-didattica-orari-include=attivita&attivita=EC2025-A9-A-H-S1-S1-78806-515192.html
N/D;errore;doc23982_depth4_docenti.unisa.it-020924-didattica-anno=2018&id=511017&cId=10003-2017.html
N/D;errore;doc23977_depth4_docenti.unisa.it-020924-didattica-anno=2018&id=511017&cId=10005-2017.html
N/D;errore;doc23962_depth4_docenti.unisa.it-020924-didattica-anno=2025&id=507092&cId=10000-2022&pId=A9-I-Z-S1.html
N/D;errore;doc23979_depth4_docenti.unisa.it-020924-didattica-anno=2018&id=511017&cId=10006-2017.html
N/D;errore;doc23986_depth4_docenti.unisa.it-020924-didattica-anno=2016&id=511017&cId=10001-2016.html
N/D;errore;doc23988_depth4_docenti.unisa.it-020924-didattica-anno=2024&id=507092&cId=10001-2022.html
N/D;errore;doc24001_depth4_docenti.unisa.it-020924-didattica-anno=2018&id=511017&cId=10007-2017.html
N/D;errore;doc23975_depth4_docenti.unisa.it-020924-didattica-anno=2018&id=511017&cId=10004-2017.html
N/D;errore;doc23990_depth4_docenti.unisa.it-020924-didattica-anno=2018&id=511017&cId=10002-2017.html
N/D;errore;doc23999_depth4_docenti.unisa.it-020924-didattica-anno=2018&id=511017&cId=10008-2017.html
N/D;errore;doc24000_depth4_docenti.unisa.it-020924-didattica-anno=2016&id=511017&cId=10001-2015.html
N/D;errore;doc24029_depth4_docenti.unisa.it-020924-didattica-anno=2023&id=507092&cId=10002-2022&pId=A9-I-Z-S1.html
N/D;errore;doc24031_depth4_docenti.unisa.it-020924-didattica-anno=2024&id=507092&cId=10002-2022&pId=A9-A-H-S1.html
N/D;errore;doc23998_depth4_docenti.unisa.it-020924-didattica-anno=2022&id=507092&cId=10001-2017.html
N/D;errore;doc23959_depth4_docenti.unisa.it-020924-didattica-anno=2025&id=507092&cId=10001-2022&pId=A9-I-Z-S1.html
N/D;errore;doc24023_depth4_docenti.unisa.it-020924-didattica-anno=2024&id=507092&cId=10000-2022.html
N/D;errore;doc24025_depth4_docenti.unisa.it-020924-didattica-anno=2023&id=507092&cId=10002-2022&pId=A9-A-H-S1.html
N/D;errore;doc24052_depth4_docenti.unisa.it-020924-didattica-anno=2023&id=507092&cId=10000-2022.html
N/D;errore;doc24043_depth4_docenti.unisa.it-020924-didattica-anno=2023&id=507092&cId=10001-2022.html
N/D;errore;doc23973_depth4_docenti.unisa.it-020924-didattica-anno=2024&id=507092&cId=10002-2022&pId=A9-I-Z-S1.html
N/D;errore;doc24126_depth4_docenti.unisa.it-020924-didattica-anno=2017&id=511017&cId=10003-2017.html
N/D;errore;doc24146_depth4_docenti.unisa.it-020924-didattica-anno=2017&id=511017&cId=10001-2016.html
N/D;404, pagina non trovata;doc24154_depth4_docenti.unisa.it-063266-curriculum.html
N/D;errore;doc24149_depth4_docenti.unisa.it-020924-didattica-anno=2023&id=507092&cId=10002-2022.html
N/D;forbidden;doc24315_depth4_docenti.unisa.it-038016-didattica-anno=2024&id=516031&cId=10000-2022.html
N/D;404, pagina non trovata;doc24321_depth4_docenti.unisa.it-003741-003741-didattica-orari-include=attivita&attivita=EC2025-A9-I-Z-S2-S2-88748-521536.html
N/D;forbidden;doc24319_depth4_docenti.unisa.it-038016-didattica-anno=2024&id=516031&cId=10001-2022.html
N/D;forbidden;doc24392_depth4_docenti.unisa.it-038016-didattica-anno=2022&id=516031&cId=10001-2022.html
N/D;forbidden;doc24399_depth4_docenti.unisa.it-038016-didattica-anno=2022&id=516031&cId=10000-2022.html
N/D;404, pagina non trovata;doc24411_depth4_docenti.unisa.it-026104-026104-didattica-orari-include=attivita&attivita=EC2025-A9-I-Z-S2-S2-88746-521540.html
N/D;forbidden;doc24489_depth4_docenti.unisa.it-038016-didattica-anno=2023&id=516031&cId=10000-2022.html
N/D;404, pagina non trovata;doc24530_depth4_docenti.unisa.it-037676-037676-didattica-orari-include=attivita&attivita=EC2025-A9-I-Z-S1-S1-88702-521532.html
N/D;forbidden;doc24484_depth4_docenti.unisa.it-038016-didattica-anno=2023&id=516031&cId=10001-2022.html
N/D;errore;doc24549_depth4_docenti.unisa.it-026200-didattica-anno=2020&id=513417&cId=10006-2017.html
N/D;errore;doc24578_depth4_docenti.unisa.it-037676-didattica-anno=2025&id=521532&cId=10002-2025&pId=A9-I-Z-S1.html
N/D;errore;doc24558_depth4_docenti.unisa.it-037676-didattica-anno=2025&id=521532&cId=10003-2025&pId=A9-A-H-S1.html
N/D;errore;doc24585_depth4_docenti.unisa.it-037676-didattica-anno=2025&id=521532&cId=10003-2025&pId=A9-I-Z-S1.html
N/D;errore;doc24597_depth4_docenti.unisa.it-026200-didattica-anno=2020&id=513444&cId=10001-2018.html
N/D;errore;doc24598_depth4_docenti.unisa.it-026200-didattica-anno=2020&id=513444&cId=10001-2018&pId=A9-A-H-S2.html
N/D;errore;doc24670_depth4_docenti.unisa.it-026200-didattica-anno=2020&id=513417&cId=10007-2017&pId=A9-A-H-S2.html
N/D;errore;doc24689_depth4_docenti.unisa.it-026200-didattica-anno=2020&id=513444&cId=10000-2018.html
N/D;404, pagina non trovata;doc24680_depth4_docenti.unisa.it-070141-070141-didattica-orari-include=attivita&attivita=EC2025-A9-I-Z-S2-S2-88722-521542.html
N/D;errore;doc24681_depth4_docenti.unisa.it-037676-didattica-anno=2025&id=521532&cId=10002-2025&pId=A9-A-H-S1.html
N/D;errore;doc24716_depth4_docenti.unisa.it-037676-didattica-anno=2025&id=521532&cId=10000-2025&pId=A9-I-Z-S1.html
N/D;errore;doc24749_depth4_docenti.unisa.it-026200-en-research-projects-ruolo=componente&stato=0.html
N/D;errore;doc24708_depth4_docenti.unisa.it-037676-didattica-anno=2025&id=521532&cId=10000-2025&pId=A9-A-H-S1.html
N/D;errore;doc24783_depth4_docenti.unisa.it-026200-en-research-projects-ruolo=tutti&stato=0.html
N/D;errore;doc24832_depth4_docenti.unisa.it-026200-en-research-projects-tip=6&ruolo=tutti.html
N/D;errore;doc24847_depth4_docenti.unisa.it-026200-en-research-projects-tip=6&ruolo=componente.html
N/D;404, pagina non trovata;doc25078_depth4_docenti.unisa.it-020741-020741-didattica-orari-include=attivita&attivita=EC2025-A9-I-Z-S2-S2-88670-521342.html
N/D;errore;doc25095_depth4_docenti.unisa.it-026200-ricerca-progetti-tip=6&ruolo=componente&stato=0.html
N/D;404, pagina non trovata;doc25121_depth4_docenti.unisa.it-029307-curriculum.html
N/D;errore;doc25132_depth4_docenti.unisa.it-005630-didattica-anno=2024&id=512136&cId=10000-2022.html
N/D;errore;doc25127_depth4_docenti.unisa.it-005630-didattica-anno=2024&id=512136&cId=10002-2022.html
N/D;errore;doc25130_depth4_docenti.unisa.it-005630-didattica-anno=2024&id=512136&cId=10004-2022&pId=A9-A-H-S1.html
N/D;errore;doc25115_depth4_docenti.unisa.it-026200-ricerca-progetti-tip=6&ruolo=tutti&stato=0.html
N/D;errore;doc25133_depth4_docenti.unisa.it-005630-didattica-anno=2024&id=512136&cId=10001-2022.html
N/D;errore;doc25157_depth4_docenti.unisa.it-005630-didattica-anno=2024&id=512136&cId=10003-2022.html
N/D;errore;doc25165_depth4_docenti.unisa.it-005630-didattica-anno=2024&id=512136&cId=10005-2022.html
N/D;errore;doc25160_depth4_docenti.unisa.it-005630-didattica-anno=2024&id=512136&cId=10004-2022&pId=A9-I-Z-S1.html
N/D;errore;doc25166_depth4_docenti.unisa.it-005630-didattica-anno=2024&id=512136&cId=10004-2022.html
N/D;errore;doc25215_depth4_docenti.unisa.it-005630-didattica-anno=2022&id=512136&cId=10001-2022.html
N/D;errore;doc25220_depth4_docenti.unisa.it-005630-didattica-anno=2022&id=512136&cId=10002-2022.html
N/D;errore;doc25267_depth4_docenti.unisa.it-005630-didattica-anno=2021&id=512136&cId=10002-2017.html
N/D;errore;doc25231_depth4_docenti.unisa.it-005630-didattica-anno=2022&id=512136&cId=10004-2022&pId=A9-I-Z-S2.html
N/D;errore;doc25224_depth4_docenti.unisa.it-005630-didattica-anno=2022&id=512136&cId=10004-2022.html
N/D;errore;doc25282_depth4_docenti.unisa.it-005630-didattica-anno=2021&id=512136&cId=10013-2017&pId=A9-A-H-S2.html
N/D;errore;doc25259_depth4_docenti.unisa.it-005630-didattica-anno=2022&id=512136&cId=10000-2022.html
N/D;errore;doc25263_depth4_docenti.unisa.it-005630-didattica-anno=2021&id=512136&cId=10008-2017.html
N/D;errore;doc25277_depth4_docenti.unisa.it-005630-didattica-anno=2022&id=512136&cId=10005-2022.html
N/D;errore;doc25280_depth4_docenti.unisa.it-005630-didattica-anno=2021&id=512136&cId=10007-2017.html
N/D;errore;doc25245_depth4_docenti.unisa.it-005630-didattica-anno=2022&id=512136&cId=10004-2022&pId=A9-A-H-S2.html
N/D;errore;doc25255_depth4_docenti.unisa.it-005630-didattica-anno=2021&id=512136&cId=10003-2017.html
N/D;errore;doc25265_depth4_docenti.unisa.it-005630-didattica-anno=2021&id=512136&cId=10004-2017.html
N/D;errore;doc25296_depth4_docenti.unisa.it-005630-didattica-anno=2021&id=512136&cId=10005-2017.html
N/D;errore;doc25309_depth4_docenti.unisa.it-005630-didattica-anno=2021&id=512136&cId=10006-2017.html
N/D;errore;doc25268_depth4_docenti.unisa.it-005630-didattica-anno=2021&id=512136&cId=10012-2017.html
N/D;errore;doc25258_depth4_docenti.unisa.it-005630-didattica-anno=2021&id=512136&cId=10013-2017.html
N/D;errore;doc25307_depth4_docenti.unisa.it-005630-didattica-anno=2021&id=512136&cId=10009-2017.html
N/D;errore;doc25319_depth4_docenti.unisa.it-005630-didattica-anno=2021&id=512136&cId=10013-2017&pId=A9-I-Z-S2.html
N/D;404, pagina non trovata;doc2533_depth2_corsi.unisa.it-electrical-engineering-for-digital-energy-en-0650107302900001-contatti.html
N/D;404, pagina non trovata;doc25330_depth4_docenti.unisa.it-004687-004687-didattica-orari-include=attivita&attivita=EC2025-A9-I-Z-S2-S2-88670-521342.html
N/D;errore;doc25373_depth4_docenti.unisa.it-005630-didattica-anno=2021&id=512136&cId=10011-2017.html
N/D;errore;doc25374_depth4_docenti.unisa.it-005630-didattica-anno=2022&id=512136&cId=10003-2022.html
N/D;errore;doc25326_depth4_docenti.unisa.it-005630-didattica-anno=2021&id=512136&cId=10010-2017.html
N/D;errore;doc25418_depth4_docenti.unisa.it-005630-didattica-anno=2025&id=521535&cId=10000-2025&pId=A9-A-H-S1.html
N/D;404, pagina non trovata;doc25422_depth4_docenti.unisa.it-005630-005630-didattica-orari-include=attivita&attivita=EC2025-A9-I-Z-S1-S1-88716-521535.html
N/D;errore;doc25445_depth4_docenti.unisa.it-005630-didattica-anno=2025&id=521535&cId=10003-2025&pId=A9-I-Z-S1.html
N/D;errore;doc25455_depth4_docenti.unisa.it-005630-didattica-anno=2025&id=521535&cId=10000-2025&pId=A9-I-Z-S1.html
N/D;errore;doc25456_depth4_docenti.unisa.it-005630-didattica-anno=2025&id=521535&cId=10003-2025&pId=A9-A-H-S1.html
N/D;errore;doc25498_depth4_docenti.unisa.it-005630-didattica-anno=2025&id=521535&cId=10002-2025&pId=A9-I-Z-S1.html
N/D;errore;doc25501_depth4_docenti.unisa.it-005630-didattica-anno=2025&id=521535&cId=10002-2025&pId=A9-A-H-S1.html
N/D;404, pagina non trovata;doc2555_depth2_corsi.unisa.it-ingegneria-informatica-magistrale-0650107303300001-contatti.html
N/D;404, pagina non trovata;doc25537_depth4_docenti.unisa.it-004687-en-research-www.elsevier.com-inca-publications-store-5-0-3-3-5-6-.html
N/D;404, pagina non trovata;doc25552_depth4_docenti.unisa.it-004687-004687-didattica-orari-include=attivita&attivita=EC2025-A9-I-Z-S1-S1-88604-521326.html
N/D;errore;doc25625_depth4_docenti.unisa.it-005630-didattica-anno=2020&id=512136&cId=10003-2017.html
N/D;errore;doc25621_depth4_docenti.unisa.it-005630-didattica-anno=2020&id=512136&cId=10002-2017.html
N/D;errore;doc25616_depth4_docenti.unisa.it-005630-didattica-anno=2020&id=512136&cId=10007-2017.html
N/D;errore;doc25637_depth4_docenti.unisa.it-005630-didattica-anno=2020&id=512136&cId=10009-2017.html
N/D;errore;doc25624_depth4_docenti.unisa.it-005630-didattica-anno=2020&id=512136&cId=10013-2017.html
N/D;errore;doc25632_depth4_docenti.unisa.it-005630-didattica-anno=2020&id=512136&cId=10006-2017.html
N/D;errore;doc25628_depth4_docenti.unisa.it-005630-didattica-anno=2020&id=512136&cId=10013-2017&pId=A9-I-Z-S2.html
N/D;errore;doc25629_depth4_docenti.unisa.it-005630-didattica-anno=2020&id=512136&cId=10005-2017.html
N/D;errore;doc25638_depth4_docenti.unisa.it-005630-didattica-anno=2020&id=512136&cId=10013-2017&pId=A9-A-H-S2.html
N/D;errore;doc25649_depth4_docenti.unisa.it-005630-didattica-anno=2023&id=512136&cId=10004-2022&pId=A9-A-H-S2.html
N/D;errore;doc25620_depth4_docenti.unisa.it-005630-didattica-anno=2020&id=512136&cId=10008-2017.html
N/D;errore;doc25646_depth4_docenti.unisa.it-005630-didattica-anno=2023&id=512136&cId=10003-2022.html
N/D;errore;doc25667_depth4_docenti.unisa.it-005630-didattica-anno=2023&id=512136&cId=10004-2022.html
N/D;errore;doc25641_depth4_docenti.unisa.it-005630-didattica-anno=2023&id=512136&cId=10001-2022.html
N/D;errore;doc25640_depth4_docenti.unisa.it-005630-didattica-anno=2020&id=512136&cId=10004-2017.html
N/D;errore;doc25656_depth4_docenti.unisa.it-005630-didattica-anno=2020&id=512136&cId=10012-2017.html
N/D;errore;doc25664_depth4_docenti.unisa.it-005630-didattica-anno=2023&id=512136&cId=10002-2022.html
N/D;errore;doc25675_depth4_docenti.unisa.it-005630-didattica-anno=2023&id=512136&cId=10000-2022.html
N/D;errore;doc25652_depth4_docenti.unisa.it-005630-didattica-anno=2023&id=512136&cId=10005-2022.html
N/D;errore;doc25655_depth4_docenti.unisa.it-005630-didattica-anno=2023&id=512136&cId=10004-2022&pId=A9-I-Z-S2.html
N/D;errore;doc25681_depth4_docenti.unisa.it-005630-didattica-anno=2020&id=512136&cId=10010-2017.html
N/D;404;doc2572_depth2_www.diem.unisa.it-home-dati-di-monitoraggio-anno=2016&hostname=www.diem.unisa.it.html
N/D;errore;doc25738_depth4_docenti.unisa.it-005630-didattica-anno=2020&id=512136&cId=10011-2017.html
N/D;404, pagina non trovata;doc26066_depth4_docenti.unisa.it-020741-en-research-www.elsevier.com-inca-publications-store-5-0-3-3-5-6-.html
N/D;404, pagina non trovata;doc26087_depth4_docenti.unisa.it-066631-066631-didattica-orari-include=attivita&attivita=EC2025-A9-A-H-S2-S2-88722-521542.html
N/D;404, pagina non trovata;doc26201_depth4_docenti.unisa.it-058287-058287-didattica-orari-include=attivita&attivita=EC2025-A9-I-Z-S1-S1-89985-521330.html
N/D;404, pagina non trovata;doc2621_depth2_corsi.unisa.it-ingegneria-informatica-0650106200800001-contatti.html
N/D;404, pagina non trovata;doc26304_depth4_docenti.unisa.it-001776-en-research-www.ieee.org.html
N/D;404, pagina non trovata;doc2631_depth2_corsi.unisa.it-ingegneria-informatica-magistrale-didattica-0650107303300001-contatti.html
N/D;404, pagina non trovata;doc2642_depth2_corsi.unisa.it-ingegneria-informatica-magistrale-attivita-e-servizi-0650107303300001-contatti.html
N/D;404;doc26494_depth4_docenti.unisa.it-001776-en-research-publications-anno=2006&tip=273.html
N/D;404;doc26439_depth4_docenti.unisa.it-001776-en-research-publications-anno=0&tip=273.html
N/D;errore;doc26756_depth4_www.diem.unisa.it-home-bandi-anno=2022&modulo=316.html
N/D;errore;doc26832_depth4_www.diem.unisa.it-home-bandi-anno=2023&struttura=170028&modulo=316.html
N/D;errore;doc26797_depth4_www.diem.unisa.it-home-bandi-anno=2022&struttura=170028&modulo=316.html
N/D;errore;doc27170_depth4_www.diem.unisa.it-home-bandi-anno=2023&modulo=316.html
N/D;404;doc28316_depth4_www.diem.unisa.it-home-bandi-anno=2021&struttura=300390&modulo=505.html
N/D;404;doc28420_depth4_www.diem.unisa.it-home-bandi-anno=2021&modulo=505.html
N/D;errore;doc28539_depth4_docenti.unisa.it-004367-didattica-anno=2017&id=505758&cId=9999-2017&pId=A3-MZ.html
N/D;errore;doc28550_depth4_docenti.unisa.it-004367-didattica-anno=2017&id=505758&cId=9999-2017&pId=A3-AL.html
N/D;errore;doc2858_depth2_www.diem.unisa.it-ricerca-progetti-finanziati.html
N/D;404;doc2857_depth2_docenti.unisa.it-001776-ricerca-pubblicazioni-anno=0.html
N/D;404, pagina non trovata;doc28868_depth4_corsi.unisa.it-ingegneria-dell-informazione-per-la-medicina-digitale-en-0650106200800003-contatti.html
N/D;404, pagina non trovata;doc28883_depth4_corsi.unisa.it-information-Engineering-for-digital-medicine-en-0650107303300003-contatti.html
N/D;404, pagina non trovata;doc28869_depth4_docenti.unisa.it-004367-004367-didattica-orari-include=attivita&attivita=EC2025-A9-I-Z-S2-S2-82090-507093.html
N/D;errore;doc28963_depth4_docenti.unisa.it-004367-didattica-anno=2016&id=505758&cId=9999-2016&pId=A1-LZ-S2.html
N/D;errore;doc28970_depth4_docenti.unisa.it-004367-didattica-anno=2016&id=505758&cId=9999-2016&pId=A1-AK-S2.html
N/D;errore;doc29198_depth4_www.diem.unisa.it-en-research-projects-progetto=18557.html
N/D;errore;doc29373_depth4_www.diem.unisa.it-en-research-projects-progetto=24750.html
N/D;404, pagina non trovata;doc2937_depth2_corsi.unisa.it-ingegneria-informatica-magistrale-didattica-0650107303300001-didattica-orari.html
N/D;404, pagina non trovata;doc2957_depth2_corsi.unisa.it-ingegneria-informatica-magistrale-en-0650107303300001-contatti.html
N/D;errore;doc2959_depth2_docenti.unisa.it-045640-didattica-anno=2025&id=521535.html
N/D;errore;doc29905_depth4_docenti.unisa.it-026557-didattica-anno=2019&id=505758&cId=9999-2017&pId=A9-I-Z-S2.html
N/D;errore;doc29451_depth4_www.diem.unisa.it-en-research-projects-tip=6.html
N/D;errore;doc29910_depth4_docenti.unisa.it-026557-didattica-anno=2019&id=505758&cId=9999-2017&pId=A9-A-H-S2.html
N/D;forbidden;doc29908_depth4_docenti.unisa.it-026557-didattica-anno=2023&id=516031&cId=10001-2022.html
N/D;404, pagina non trovata;doc29927_depth4_docenti.unisa.it-057579-057579-didattica-orari-include=attivita&attivita=EC2025-A9-I-Z-S1-S1-82076-505756.html
N/D;forbidden;doc29935_depth4_docenti.unisa.it-026557-didattica-anno=2022&id=516031&cId=10001-2022.html
N/D;forbidden;doc29941_depth4_docenti.unisa.it-026557-didattica-anno=2022&id=516031&cId=10000-2022.html
N/D;forbidden;doc29906_depth4_docenti.unisa.it-026557-didattica-anno=2023&id=516031&cId=10000-2022.html
N/D;forbidden;doc29969_depth4_docenti.unisa.it-026557-en-teaching-anno=2023&id=516031.html
N/D;404, pagina non trovata;doc29978_depth4_docenti.unisa.it-057579-057579-didattica-orari-include=attivita&attivita=EC2025-A9-I-Z-S1-S1-77691-505759.html
N/D;errore;doc29452_depth4_www.diem.unisa.it-en-research-projects-stato=0.html
N/D;forbidden;doc30003_depth4_docenti.unisa.it-026557-en-teaching-anno=2024&id=516031.html
N/D;forbidden;doc30031_depth4_docenti.unisa.it-026557-didattica-anno=2024&id=516031&cId=10001-2022.html
N/D;forbidden;doc30034_depth4_docenti.unisa.it-026557-didattica-anno=2024&id=516031&cId=10000-2022.html
N/D;forbidden;doc30068_depth4_docenti.unisa.it-026557-en-teaching-anno=2022&id=516031.html
N/D;errore;doc30099_depth4_docenti.unisa.it-026557-didattica-anno=2018&id=505758&cId=9999-2017&pId=A9-A-H-S2.html
N/D;errore;doc30088_depth4_docenti.unisa.it-026557-didattica-anno=2018&id=505758&cId=9999-2017&pId=A9-I-Z-S2.html
N/D;404, pagina non trovata;doc30125_depth4_docenti.unisa.it-023604-en-research-www.springer.com-series-4961.html
N/D;404, pagina non trovata;doc30173_depth4_docenti.unisa.it-023604-023604-didattica-orari-include=attivita&attivita=EC2025-A9-A-H-S1-S1-88696-521517.html
N/D;404, pagina non trovata;doc30311_depth4_docenti.unisa.it-023604-023604-didattica-orari-include=attivita&attivita=EC2025-A9-A-H-S2-S2-82088-513330.html
N/D;404;doc3046_depth2_docenti.unisa.it-001680-ricerca-pubblicazioni-anno=2000.html
N/D;404, pagina non trovata;doc30607_depth4_docenti.unisa.it-001366-en-research-www.springer.com-series-4961.html
N/D;404;doc30909_depth4_docenti.unisa.it-001680-en-research-publications-anno=2000&tip=262.html
N/D;404;doc31051_depth4_docenti.unisa.it-001680-en-research-publications-anno=0&tip=262.html
N/D;404, pagina non trovata;doc31064_depth4_docenti.unisa.it-001366-001366-didattica-orari-include=attivita&attivita=EC2025-A9-I-Z-S1-S1-88696-521517.html
N/D;404, pagina non trovata;doc31368_depth4_docenti.unisa.it-001366-001366-didattica-orari-include=attivita&attivita=EC2025-A9-I-Z-S2-S2-82088-513330.html
N/D;404;doc31272_depth4_docenti.unisa.it-001257-en-research-publications-anno=2018&tip=273.html
N/D;errore;doc31484_depth4_docenti.unisa.it-045640-didattica-anno=2025&id=521535&cId=10003-2025&pId=A9-I-Z-S1.html
N/D;errore;doc31487_depth4_docenti.unisa.it-045640-didattica-anno=2025&id=521535&cId=10003-2025&pId=A9-A-H-S1.html
N/D;errore;doc31508_depth4_docenti.unisa.it-045640-didattica-anno=2023&id=512136&cId=10003-2022.html
N/D;errore;doc31519_depth4_docenti.unisa.it-045640-didattica-anno=2025&id=521535&cId=10000-2025&pId=A9-I-Z-S1.html
N/D;errore;doc31501_depth4_docenti.unisa.it-045640-didattica-anno=2025&id=521535&cId=10002-2025&pId=A9-A-H-S1.html
N/D;errore;doc31530_depth4_docenti.unisa.it-045640-didattica-anno=2022&id=512136&cId=10002-2022.html
N/D;errore;doc31545_depth4_docenti.unisa.it-045640-didattica-anno=2024&id=512136&cId=10003-2022.html
N/D;errore;doc31547_depth4_docenti.unisa.it-045640-didattica-anno=2022&id=512136&cId=10003-2022.html
N/D;errore;doc31531_depth4_docenti.unisa.it-045640-didattica-anno=2023&id=512136&cId=10004-2022&pId=A9-I-Z-S2.html
N/D;errore;doc31561_depth4_docenti.unisa.it-045640-didattica-anno=2022&id=512136&cId=10005-2022.html
N/D;errore;doc31562_depth4_docenti.unisa.it-045640-didattica-anno=2022&id=512136&cId=10004-2022&pId=A9-I-Z-S2.html
N/D;errore;doc31556_depth4_docenti.unisa.it-045640-didattica-anno=2022&id=512136&cId=10004-2022.html
N/D;404, pagina non trovata;doc31529_depth4_docenti.unisa.it-045640-045640-didattica-orari-include=attivita&attivita=EC2025-A9-I-Z-S1-S1-88716-521535.html
N/D;errore;doc31574_depth4_docenti.unisa.it-045640-didattica-anno=2023&id=512136&cId=10002-2022.html
N/D;errore;doc31573_depth4_docenti.unisa.it-045640-didattica-anno=2022&id=512136&cId=10000-2022.html
N/D;errore;doc31595_depth4_docenti.unisa.it-045640-didattica-anno=2023&id=512136&cId=10001-2022.html
N/D;errore;doc31586_depth4_docenti.unisa.it-045640-didattica-anno=2023&id=512136&cId=10000-2022.html
N/D;errore;doc31590_depth4_docenti.unisa.it-045640-didattica-anno=2023&id=512136&cId=10004-2022.html
N/D;errore;doc31559_depth4_docenti.unisa.it-045640-didattica-anno=2023&id=512136&cId=10005-2022.html
N/D;errore;doc31578_depth4_docenti.unisa.it-045640-didattica-anno=2022&id=512136&cId=10004-2022&pId=A9-A-H-S2.html
N/D;errore;doc31600_depth4_docenti.unisa.it-045640-didattica-anno=2023&id=512136&cId=10004-2022&pId=A9-A-H-S2.html
N/D;errore;doc31544_depth4_docenti.unisa.it-045640-didattica-anno=2025&id=521535&cId=10000-2025&pId=A9-A-H-S1.html
N/D;errore;doc31608_depth4_docenti.unisa.it-045640-didattica-anno=2024&id=512136&cId=10004-2022&pId=A9-A-H-S1.html
N/D;errore;doc31610_depth4_docenti.unisa.it-045640-didattica-anno=2024&id=512136&cId=10004-2022&pId=A9-I-Z-S1.html
N/D;errore;doc31584_depth4_docenti.unisa.it-045640-didattica-anno=2025&id=521535&cId=10002-2025&pId=A9-I-Z-S1.html
N/D;errore;doc31550_depth4_docenti.unisa.it-045640-didattica-anno=2022&id=512136&cId=10001-2022.html
N/D;errore;doc31612_depth4_docenti.unisa.it-045640-didattica-anno=2024&id=512136&cId=10004-2022.html
N/D;errore;doc31619_depth4_docenti.unisa.it-045640-didattica-anno=2024&id=512136&cId=10000-2022.html
N/D;errore;doc31616_depth4_docenti.unisa.it-045640-didattica-anno=2024&id=512136&cId=10001-2022.html
N/D;errore;doc31621_depth4_docenti.unisa.it-045640-didattica-anno=2024&id=512136&cId=10005-2022.html
N/D;errore;doc31615_depth4_docenti.unisa.it-045640-didattica-anno=2024&id=512136&cId=10002-2022.html
N/D;404;doc3163_depth2_docenti.unisa.it-001257-ricerca-pubblicazioni-anno=2018.html
N/D;404;doc31496_depth4_docenti.unisa.it-001257-en-research-publications-anno=0&tip=273.html
N/D;errore;doc31500_depth4_www.diem.unisa.it-ricerca-progetti-finanziati-tip=6&stato=0.html
N/D;404, pagina non trovata;doc3182_depth2_corsi.unisa.it-photovoltaics-DOT229NLP9-contatti.html
N/D;errore;doc32060_depth4_docenti.unisa.it-003495-didattica-anno=2017&id=509714&cId=9999-2016&pId=REPLICA_AD-GRUPPO2.html
N/D;errore;doc32056_depth4_docenti.unisa.it-003495-didattica-anno=2021&id=509714&cId=9999-2016&pId=REPLICA_AD-GRUPPO1-S2.html
N/D;errore;doc32061_depth4_docenti.unisa.it-003495-didattica-anno=2017&id=509714&cId=9999-2016&pId=REPLICA_AD-GRUPPO3.html
N/D;errore;doc32066_depth4_docenti.unisa.it-003495-didattica-anno=2017&id=509714&cId=9999-2016&pId=REPLICA_AD-GRUPPO4.html
N/D;errore;doc32064_depth4_docenti.unisa.it-003495-didattica-anno=2017&id=509714&cId=9999-2016&pId=REPLICA_AD-GRUPPO1.html
N/D;404, pagina non trovata;doc3205_depth2_corsi.unisa.it-ingegneria-dell-informazione-per-la-medicina-digitale-0650106200800003-contatti.html
N/D;errore;doc32088_depth4_docenti.unisa.it-003495-didattica-anno=2022&id=509714&cId=9999-2016&pId=REPLICA_AD-GRUPPO1-S2.html
N/D;404, pagina non trovata;doc32105_depth4_corsi.unisa.it-ingegneria-dell-informazione-per-la-medicina-digitale-en-activities-and-services-0650106200800003-contatti.html
N/D;errore;doc32133_depth4_docenti.unisa.it-003495-didattica-anno=2019&id=509714&cId=9999-2016&pId=REPLICA_AD-GRUPPO4-S2.html
N/D;errore;doc32131_depth4_docenti.unisa.it-003495-didattica-anno=2019&id=509714&cId=9999-2016&pId=REPLICA_AD-GRUPPO1-S2.html
N/D;errore;doc32129_depth4_docenti.unisa.it-003495-didattica-anno=2019&id=509714&cId=9999-2016&pId=REPLICA_AD-GRUPPO2-S2.html
N/D;errore;doc32125_depth4_docenti.unisa.it-003495-didattica-anno=2020&id=509714&cId=9999-2016&pId=REPLICA_AD-GRUPPO1-S2.html
N/D;errore;doc32130_depth4_docenti.unisa.it-003495-didattica-anno=2019&id=509714&cId=9999-2016&pId=REPLICA_AD-GRUPPO3-S2.html
N/D;404, pagina non trovata;doc32157_depth4_corsi.unisa.it-ingegneria-dell-informazione-per-la-medicina-digitale-en-teaching-0650106200800003-en-teaching-lessons-timetable.html
N/D;404, pagina non trovata;doc32152_depth4_docenti.unisa.it-003495-003495-didattica-orari-include=attivita&attivita=EC2025-A9-A-H-S2-S2-88673-521344.html
N/D;errore;doc32148_depth4_docenti.unisa.it-003495-didattica-anno=2018&id=509714&cId=9999-2016&pId=REPLICA_AD-GRUPPO1-S2.html
N/D;404, pagina non trovata;doc32146_depth4_corsi.unisa.it-ingegneria-dell-informazione-per-la-medicina-digitale-en-teaching-0650106200800003-contatti.html
N/D;errore;doc32526_depth4_docenti.unisa.it-005199-didattica-anno=2015&id=505786&cId=9999-2012&pId=MATR-PARI.html
N/D;404, pagina non trovata;doc3255_depth2_corsi.unisa.it-photovoltaics-en-DOT229NLP9-contatti.html
N/D;errore;doc32584_depth4_docenti.unisa.it-005199-didattica-anno=2015&id=505760&cId=9999-2012&pId=MATR-DISPARI.html
N/D;errore;doc32587_depth4_docenti.unisa.it-005199-didattica-anno=2015&id=505760&cId=9999-2012&pId=MATR-PARI.html
N/D;errore;doc32645_depth4_docenti.unisa.it-005199-didattica-anno=2020&id=505767&cId=10001-2017.html
N/D;errore;doc32627_depth4_docenti.unisa.it-005199-didattica-anno=2020&id=505767&cId=10003-2017&pId=A9-I-Z-S1.html
N/D;errore;doc32641_depth4_docenti.unisa.it-005199-didattica-anno=2020&id=505767&cId=10002-2017.html
N/D;errore;doc32595_depth4_docenti.unisa.it-005199-didattica-anno=2015&id=505786&cId=9999-2012&pId=MATR-DISPARI.html
N/D;errore;doc32650_depth4_docenti.unisa.it-005199-didattica-anno=2018&id=505767&cId=9999-2016&pId=A3-AL-S1.html
N/D;errore;doc32646_depth4_docenti.unisa.it-005199-didattica-anno=2020&id=505767&cId=10000-2017.html
N/D;errore;doc32639_depth4_docenti.unisa.it-005199-didattica-anno=2018&id=505767&cId=9999-2016&pId=A3-MZ-S1.html
N/D;errore;doc32619_depth4_docenti.unisa.it-005199-didattica-anno=2020&id=513417&cId=10006-2017.html
N/D;errore;doc32649_depth4_docenti.unisa.it-005199-didattica-anno=2022&id=515132&cId=10006-2017.html
N/D;errore;doc32659_depth4_docenti.unisa.it-005199-didattica-anno=2018&id=509543&cId=10005-2017.html
N/D;errore;doc32660_depth4_docenti.unisa.it-005199-didattica-anno=2020&id=513444&cId=10001-2018&pId=A9-A-H-S2.html
N/D;errore;doc32638_depth4_docenti.unisa.it-005199-didattica-anno=2018&id=509543&cId=10004-2017.html
N/D;errore;doc32647_depth4_docenti.unisa.it-005199-didattica-anno=2018&id=509543&cId=10002-2017.html
N/D;errore;doc32666_depth4_docenti.unisa.it-005199-didattica-anno=2018&id=509543&cId=10008-2017.html
N/D;errore;doc32652_depth4_docenti.unisa.it-005199-didattica-anno=2020&id=513444&cId=10000-2018.html
N/D;errore;doc32651_depth4_docenti.unisa.it-005199-didattica-anno=2021&id=513444&cId=10001-2018.html
N/D;errore;doc32654_depth4_docenti.unisa.it-005199-didattica-anno=2018&id=509543&cId=10006-2017.html
N/D;errore;doc32616_depth4_docenti.unisa.it-005199-didattica-anno=2020&id=513417&cId=10007-2017&pId=A9-A-H-S2.html
N/D;errore;doc32634_depth4_docenti.unisa.it-005199-didattica-anno=2018&id=509543&cId=10007-2017.html
N/D;errore;doc32626_depth4_docenti.unisa.it-005199-didattica-anno=2020&id=505767&cId=10003-2017.html
N/D;404, pagina non trovata;doc32662_depth4_docenti.unisa.it-001888-en-research-www.springer.com-series-76.html
N/D;errore;doc32664_depth4_docenti.unisa.it-005199-didattica-anno=2022&id=515132&cId=10011-2017.html
N/D;errore;doc32690_depth4_docenti.unisa.it-005199-didattica-anno=2020&id=513444&cId=10001-2018.html
N/D;errore;doc32637_depth4_docenti.unisa.it-005199-didattica-anno=2018&id=509543&cId=10003-2017.html
N/D;errore;doc32686_depth4_docenti.unisa.it-005199-didattica-anno=2021&id=513444&cId=10000-2018.html
N/D;404, pagina non trovata;doc3269_depth2_corsi.unisa.it-photovoltaics-didattica-DOT229NLP9-contatti.html
N/D;errore;doc32630_depth4_docenti.unisa.it-005199-didattica-anno=2020&id=505767&cId=10003-2017&pId=A9-A-H-S1.html
N/D;404;doc32754_depth4_docenti.unisa.it-001888-en-research-publications-anno=2023&tip=273.html
N/D;404, pagina non trovata;doc3279_depth2_corsi.unisa.it-photovoltaics-attivita-e-servizi-DOT229NLP9-contatti.html
N/D;errore;doc32896_depth4_docenti.unisa.it-005199-didattica-anno=2019&id=505767&cId=9999-2017&pId=A9-A-H-S1.html
N/D;errore;doc32908_depth4_docenti.unisa.it-005199-didattica-anno=2024&id=515132&cId=10001-2022&pId=A9-A-H-S1.html
N/D;errore;doc32909_depth4_docenti.unisa.it-005199-didattica-anno=2019&id=513417&cId=10006-2017.html
N/D;errore;doc32903_depth4_docenti.unisa.it-005199-didattica-anno=2019&id=505767&cId=9999-2017&pId=A9-I-Z-S1.html
N/D;errore;doc32913_depth4_docenti.unisa.it-005199-didattica-anno=2019&id=513417&cId=10007-2017.html
N/D;errore;doc32915_depth4_docenti.unisa.it-005199-didattica-anno=2024&id=515132&cId=10001-2022&pId=A9-I-Z-S1.html
N/D;errore;doc32935_depth4_docenti.unisa.it-005199-didattica-anno=2024&id=518949&cId=10000-2022.html
N/D;errore;doc32937_depth4_docenti.unisa.it-005199-didattica-anno=2024&id=518949&cId=10004-2022&pId=A9-I-Z-S1.html
N/D;errore;doc32931_depth4_docenti.unisa.it-005199-didattica-anno=2024&id=518949&cId=10001-2022.html
N/D;404, pagina non trovata;doc32959_depth4_docenti.unisa.it-001888-001888-didattica-orari-include=attivita&attivita=EC2025-A9-A-H-S2-S2-82087-515189.html
N/D;errore;doc32936_depth4_docenti.unisa.it-005199-didattica-anno=2024&id=518949&cId=10002-2022.html
N/D;errore;doc32940_depth4_docenti.unisa.it-005199-didattica-anno=2024&id=518949&cId=10003-2022.html
N/D;errore;doc32933_depth4_docenti.unisa.it-005199-didattica-anno=2024&id=518949&cId=10005-2022.html
N/D;404, pagina non trovata;doc32960_depth4_docenti.unisa.it-005199-005199-didattica-orari-include=attivita&attivita=EC2025-A9-A-H-S1-S1-88702-521532.html
N/D;errore;doc32932_depth4_docenti.unisa.it-005199-didattica-anno=2024&id=518949&cId=10004-2022.html
N/D;errore;doc32968_depth4_docenti.unisa.it-005199-didattica-anno=2025&id=521532&cId=10000-2025&pId=A9-A-H-S1.html
N/D;errore;doc32969_depth4_docenti.unisa.it-005199-didattica-anno=2025&id=521532&cId=10003-2025&pId=A9-A-H-S1.html
N/D;errore;doc32938_depth4_docenti.unisa.it-005199-didattica-anno=2024&id=518949&cId=10004-2022&pId=A9-A-H-S1.html
N/D;errore;doc32966_depth4_docenti.unisa.it-005199-didattica-anno=2025&id=521532&cId=10002-2025&pId=A9-A-H-S1.html
N/D;errore;doc32967_depth4_docenti.unisa.it-005199-didattica-anno=2025&id=521532&cId=10000-2025&pId=A9-I-Z-S1.html
N/D;errore;doc32970_depth4_docenti.unisa.it-005199-didattica-anno=2025&id=521532&cId=10003-2025&pId=A9-I-Z-S1.html
N/D;404;doc32867_depth4_docenti.unisa.it-001888-en-research-publications-anno=0&tip=273.html
N/D;errore;doc32965_depth4_docenti.unisa.it-005199-didattica-anno=2025&id=521532&cId=10002-2025&pId=A9-I-Z-S1.html
N/D;404, pagina non trovata;doc33083_depth4_docenti.unisa.it-020763-en-research-www.tandf.co.uk-journals-titles-01495739.asp.html
N/D;404, pagina non trovata;doc33079_depth4_docenti.unisa.it-020763-en-research-www.springer.com-series-8611.html
N/D;404, pagina non trovata;doc33160_depth4_docenti.unisa.it-020763-en-research-onlinelibrary.wiley.com-doi-10.1002-mma.7869.html
N/D;404, pagina non trovata;doc33156_depth4_docenti.unisa.it-020763-en-research-journals.sagepub.com-doi-10.1177-10812865221108997.html
N/D;404, pagina non trovata;doc33179_depth4_docenti.unisa.it-020763-en-research-www.tandfonline.com-doi-abs-10.1080-01495739.2013.764806.html
N/D;404, pagina non trovata;doc33188_depth4_docenti.unisa.it-020763-en-research-www.sciencedirect.com-science-article-pii-S0997753812000940.html
N/D;404, pagina non trovata;doc33192_depth4_docenti.unisa.it-020763-en-research-www.tandfonline.com-doi-abs-10.1080-01495739.2011.564041.html
N/D;404, pagina non trovata;doc33189_depth4_docenti.unisa.it-020763-en-research-sciencedirect.com-science-article-pii-S0020722521001038.html
N/D;404, pagina non trovata;doc33191_depth4_docenti.unisa.it-020763-en-research-www.sciencedirect.com-science-article-pii-S0093641310001485.html
N/D;404, pagina non trovata;doc33198_depth4_docenti.unisa.it-020763-020763-didattica-orari-include=attivita&attivita=EC2025-A9-A-H-S2-S2-88660-521333.html
N/D;404, pagina non trovata;doc33194_depth4_docenti.unisa.it-020763-en-research-www.sciencedirect.com-science-article-pii-S0093641311001406.html
N/D;errore;doc33329_depth4_docenti.unisa.it-020763-en-research-projects-progetto=24750.html
N/D;errore;doc33343_depth4_docenti.unisa.it-005199-en-research-projects-tip=6&ruolo=tutti.html
N/D;errore;doc33345_depth4_docenti.unisa.it-005199-en-research-projects-tip=6&ruolo=responsabile&stato=0.html
N/D;404, pagina non trovata;doc33379_depth4_docenti.unisa.it-020763-020763-didattica-orari-include=attivita&attivita=EC2025-A9-I-Z-S1-S1-88598-521023.html
N/D;errore;doc33391_depth4_docenti.unisa.it-005199-en-research-projects-ruolo=tutti&stato=0.html
N/D;errore;doc33367_depth4_docenti.unisa.it-005199-en-research-projects-progetto=18557.html
N/D;errore;doc33387_depth4_docenti.unisa.it-005199-ricerca-progetti-tip=6&ruolo=tutti&stato=0.html
N/D;404, pagina non trovata;doc33630_depth4_docenti.unisa.it-022852-en-research-link.springer.com-book-10.1007-978-3-030-37161-6.html
N/D;404, pagina non trovata;doc33633_depth4_docenti.unisa.it-022852-en-research-link.springer.com-book-10.1007-978-3-030-56970-9.html
N/D;errore;doc33755_depth4_docenti.unisa.it-058553-didattica-anno=2022&id=513445&cId=10005-2022.html
N/D;errore;doc33758_depth4_docenti.unisa.it-058553-didattica-anno=2021&id=513421&cId=10001-2018&pId=A9-I-Z-S2.html
N/D;404;doc3367_depth2_docenti.unisa.it-001257-ricerca-pubblicazioni-anno=0.html
N/D;errore;doc33764_depth4_docenti.unisa.it-058553-didattica-anno=2022&id=516030&cId=10001-2022&pId=A9-A-H-S2.html
N/D;errore;doc33754_depth4_docenti.unisa.it-058553-didattica-anno=2022&id=516030&cId=10001-2022.html
N/D;errore;doc33776_depth4_docenti.unisa.it-058553-didattica-anno=2022&id=516030&cId=10000-2022.html
N/D;errore;doc33742_depth4_docenti.unisa.it-058553-didattica-anno=2021&id=513421&cId=10000-2018.html
N/D;errore;doc33770_depth4_docenti.unisa.it-058553-didattica-anno=2022&id=513445&cId=10000-2022.html
N/D;errore;doc33782_depth4_docenti.unisa.it-058553-didattica-anno=2023&id=513445&cId=10002-2022.html
N/D;errore;doc33777_depth4_docenti.unisa.it-058553-didattica-anno=2021&id=513421&cId=10001-2018.html
N/D;errore;doc33760_depth4_docenti.unisa.it-058553-didattica-anno=2022&id=513445&cId=10001-2022.html
N/D;errore;doc33774_depth4_docenti.unisa.it-058553-didattica-anno=2022&id=513445&cId=10004-2022.html
N/D;errore;doc33765_depth4_docenti.unisa.it-058553-didattica-anno=2022&id=516030&cId=10001-2022&pId=A9-I-Z-S2.html
N/D;errore;doc33796_depth4_docenti.unisa.it-058553-didattica-anno=2021&id=513445&cId=10008-2017.html
N/D;errore;doc33787_depth4_docenti.unisa.it-058553-didattica-anno=2022&id=513445&cId=10003-2022.html
N/D;errore;doc33756_depth4_docenti.unisa.it-058553-didattica-anno=2022&id=513445&cId=10004-2022&pId=A9-A-H-S2.html
N/D;errore;doc33801_depth4_docenti.unisa.it-058553-didattica-anno=2023&id=513445&cId=10003-2022.html
N/D;errore;doc33790_depth4_docenti.unisa.it-058553-didattica-anno=2023&id=513445&cId=10004-2022&pId=A9-A-H-S2.html
N/D;errore;doc33806_depth4_docenti.unisa.it-058553-didattica-anno=2023&id=513445&cId=10001-2022.html
N/D;errore;doc33786_depth4_docenti.unisa.it-058553-didattica-anno=2021&id=513445&cId=10010-2017.html
N/D;errore;doc33784_depth4_docenti.unisa.it-058553-didattica-anno=2022&id=513445&cId=10002-2022.html
N/D;errore;doc33753_depth4_docenti.unisa.it-058553-didattica-anno=2021&id=513421&cId=10001-2018&pId=A9-A-H-S2.html
N/D;errore;doc33793_depth4_docenti.unisa.it-058553-didattica-anno=2021&id=513445&cId=10007-2017.html
N/D;errore;doc33823_depth4_docenti.unisa.it-058553-didattica-anno=2021&id=513445&cId=10005-2017.html
N/D;errore;doc33780_depth4_docenti.unisa.it-058553-didattica-anno=2021&id=513445&cId=10002-2017.html
N/D;errore;doc33789_depth4_docenti.unisa.it-058553-didattica-anno=2021&id=513445&cId=10013-2017&pId=A9-I-Z-S2.html
N/D;errore;doc33799_depth4_docenti.unisa.it-058553-didattica-anno=2023&id=513445&cId=10004-2022.html
N/D;errore;doc33815_depth4_docenti.unisa.it-058553-didattica-anno=2021&id=513445&cId=10011-2017.html
N/D;errore;doc33792_depth4_docenti.unisa.it-058553-didattica-anno=2021&id=513445&cId=10004-2017.html
N/D;errore;doc33797_depth4_docenti.unisa.it-058553-didattica-anno=2021&id=513445&cId=10003-2017.html
N/D;404, pagina non trovata;doc33840_depth4_docenti.unisa.it-058553-en-research-www.elsevier.com-locate-neucom.html
N/D;errore;doc33778_depth4_docenti.unisa.it-058553-didattica-anno=2021&id=513445&cId=10009-2017.html
N/D;errore;doc33833_depth4_docenti.unisa.it-058553-didattica-anno=2021&id=513445&cId=10013-2017.html
N/D;errore;doc33800_depth4_docenti.unisa.it-058553-didattica-anno=2023&id=513445&cId=10000-2022.html
N/D;errore;doc33848_depth4_docenti.unisa.it-058553-didattica-anno=2023&id=516030&cId=10001-2022&pId=A9-A-H-S2.html
N/D;errore;doc33783_depth4_docenti.unisa.it-058553-didattica-anno=2022&id=513445&cId=10004-2022&pId=A9-I-Z-S2.html
N/D;errore;doc33824_depth4_docenti.unisa.it-058553-didattica-anno=2023&id=513445&cId=10005-2022.html
N/D;errore;doc33838_depth4_docenti.unisa.it-058553-didattica-anno=2023&id=513445&cId=10004-2022&pId=A9-I-Z-S2.html
N/D;errore;doc33809_depth4_docenti.unisa.it-058553-didattica-anno=2021&id=513445&cId=10012-2017.html
N/D;errore;doc33807_depth4_docenti.unisa.it-058553-didattica-anno=2021&id=513445&cId=10013-2017&pId=A9-A-H-S2.html
N/D;errore;doc33876_depth4_docenti.unisa.it-058553-didattica-anno=2021&id=513445&cId=10006-2017.html
N/D;errore;doc33883_depth4_docenti.unisa.it-058553-didattica-anno=2024&id=513445&cId=10001-2022.html
N/D;errore;doc33891_depth4_docenti.unisa.it-058553-didattica-anno=2024&id=513445&cId=10000-2022.html
N/D;errore;doc33894_depth4_docenti.unisa.it-058553-didattica-anno=2024&id=513445&cId=10004-2022.html
N/D;errore;doc33895_depth4_docenti.unisa.it-058553-didattica-anno=2024&id=513445&cId=10002-2022.html
N/D;errore;doc33890_depth4_docenti.unisa.it-058553-didattica-anno=2024&id=513445&cId=10003-2022.html
N/D;errore;doc33892_depth4_docenti.unisa.it-058553-didattica-anno=2024&id=513445&cId=10005-2022.html
N/D;errore;doc33922_depth4_docenti.unisa.it-058553-didattica-anno=2024&id=516030&cId=10001-2022.html
N/D;errore;doc33948_depth4_docenti.unisa.it-058553-didattica-anno=2024&id=516030&cId=10000-2022.html
N/D;errore;doc34278_depth4_docenti.unisa.it-005501-didattica-anno=2021&id=513445&cId=10012-2017.html
N/D;errore;doc34290_depth4_docenti.unisa.it-005501-didattica-anno=2021&id=513445&cId=10003-2017.html
N/D;errore;doc34282_depth4_docenti.unisa.it-005501-didattica-anno=2021&id=513445&cId=10006-2017.html
N/D;errore;doc34280_depth4_docenti.unisa.it-005501-didattica-anno=2021&id=513445&cId=10013-2017&pId=A9-I-Z-S2.html
N/D;errore;doc34287_depth4_docenti.unisa.it-005501-didattica-anno=2021&id=513445&cId=10007-2017.html
N/D;errore;doc34281_depth4_docenti.unisa.it-005501-didattica-anno=2021&id=513445&cId=10013-2017.html
N/D;errore;doc34305_depth4_docenti.unisa.it-005501-didattica-anno=2021&id=513421&cId=10001-2018.html
N/D;errore;doc34279_depth4_docenti.unisa.it-005501-didattica-anno=2021&id=513445&cId=10011-2017.html
N/D;errore;doc34303_depth4_docenti.unisa.it-005501-didattica-anno=2021&id=513421&cId=10001-2018&pId=A9-I-Z-S2.html
N/D;errore;doc34285_depth4_docenti.unisa.it-005501-didattica-anno=2021&id=513445&cId=10002-2017.html
N/D;errore;doc34289_depth4_docenti.unisa.it-005501-didattica-anno=2021&id=513445&cId=10004-2017.html
N/D;errore;doc34311_depth4_docenti.unisa.it-005501-didattica-anno=2021&id=513421&cId=10000-2018.html
N/D;errore;doc34284_depth4_docenti.unisa.it-005501-didattica-anno=2021&id=513445&cId=10010-2017.html
N/D;errore;doc34286_depth4_docenti.unisa.it-005501-didattica-anno=2021&id=513445&cId=10008-2017.html
N/D;404, pagina non trovata;doc34308_depth4_docenti.unisa.it-041789-041789-didattica-orari-include=attivita&attivita=EC2025-A9-A-H-S2-S2-88663-521339.html
N/D;errore;doc34306_depth4_docenti.unisa.it-005501-didattica-anno=2021&id=513421&cId=10001-2018&pId=A9-A-H-S2.html
N/D;errore;doc34288_depth4_docenti.unisa.it-005501-didattica-anno=2021&id=513445&cId=10013-2017&pId=A9-A-H-S2.html
N/D;errore;doc34329_depth4_docenti.unisa.it-005501-didattica-anno=2023&id=513445&cId=10003-2022.html
N/D;errore;doc34325_depth4_docenti.unisa.it-005501-didattica-anno=2023&id=513445&cId=10002-2022.html
N/D;errore;doc34327_depth4_docenti.unisa.it-005501-didattica-anno=2023&id=513445&cId=10000-2022.html
N/D;errore;doc34283_depth4_docenti.unisa.it-005501-didattica-anno=2021&id=513445&cId=10005-2017.html
N/D;errore;doc34326_depth4_docenti.unisa.it-005501-didattica-anno=2023&id=513445&cId=10005-2022.html
N/D;errore;doc34328_depth4_docenti.unisa.it-005501-didattica-anno=2023&id=513445&cId=10004-2022&pId=A9-A-H-S2.html
N/D;errore;doc34354_depth4_docenti.unisa.it-005501-didattica-anno=2017&id=512146&cId=10000-2016.html
N/D;errore;doc34291_depth4_docenti.unisa.it-005501-didattica-anno=2021&id=513445&cId=10009-2017.html
N/D;errore;doc34371_depth4_docenti.unisa.it-005501-didattica-anno=2019&id=513445&cId=10003-2017.html
N/D;errore;doc34355_depth4_docenti.unisa.it-005501-didattica-anno=2017&id=512146&cId=10001-2016.html
N/D;errore;doc34376_depth4_docenti.unisa.it-005501-didattica-anno=2019&id=513445&cId=10009-2017.html
N/D;errore;doc34370_depth4_docenti.unisa.it-005501-didattica-anno=2019&id=513445&cId=10008-2017.html
N/D;errore;doc34378_depth4_docenti.unisa.it-005501-didattica-anno=2019&id=513445&cId=10010-2017.html
N/D;errore;doc34374_depth4_docenti.unisa.it-005501-didattica-anno=2022&id=516030&cId=10001-2022.html
N/D;errore;doc34381_depth4_docenti.unisa.it-005501-didattica-anno=2022&id=516030&cId=10000-2022.html
N/D;errore;doc34377_depth4_docenti.unisa.it-005501-didattica-anno=2022&id=516030&cId=10001-2022&pId=A9-I-Z-S2.html
N/D;errore;doc34373_depth4_docenti.unisa.it-005501-didattica-anno=2017&id=505758&cId=9999-2017&pId=A3-AL.html
N/D;404, pagina non trovata;doc34372_depth4_docenti.unisa.it-041789-041789-didattica-orari-include=attivita&attivita=EC2025-A9-A-H-S1-S1-89985-521330.html
N/D;errore;doc34368_depth4_docenti.unisa.it-005501-didattica-anno=2019&id=513445&cId=10006-2017.html
N/D;errore;doc34332_depth4_docenti.unisa.it-005501-didattica-anno=2023&id=513445&cId=10001-2022.html
N/D;errore;doc34379_depth4_docenti.unisa.it-005501-didattica-anno=2019&id=513445&cId=10004-2017.html
N/D;errore;doc34330_depth4_docenti.unisa.it-005501-didattica-anno=2023&id=513445&cId=10004-2022.html
N/D;errore;doc34367_depth4_docenti.unisa.it-005501-didattica-anno=2019&id=513445&cId=10007-2017.html
N/D;errore;doc34369_depth4_docenti.unisa.it-005501-didattica-anno=2019&id=513445&cId=10002-2017.html
N/D;errore;doc34366_depth4_docenti.unisa.it-005501-didattica-anno=2019&id=513445&cId=10005-2017.html
N/D;errore;doc34375_depth4_docenti.unisa.it-005501-didattica-anno=2017&id=505758&cId=9999-2017&pId=A3-MZ.html
N/D;errore;doc34321_depth4_docenti.unisa.it-005501-didattica-anno=2023&id=516030&cId=10001-2022&pId=A9-A-H-S2.html
N/D;errore;doc34331_depth4_docenti.unisa.it-005501-didattica-anno=2023&id=513445&cId=10004-2022&pId=A9-I-Z-S2.html
N/D;errore;doc34380_depth4_docenti.unisa.it-005501-didattica-anno=2022&id=516030&cId=10001-2022&pId=A9-A-H-S2.html
N/D;errore;doc34484_depth4_docenti.unisa.it-005501-didattica-anno=2022&id=513445&cId=10002-2022.html
N/D;errore;doc34489_depth4_docenti.unisa.it-005501-didattica-anno=2022&id=513445&cId=10001-2022.html
N/D;errore;doc34491_depth4_docenti.unisa.it-005501-didattica-anno=2022&id=513445&cId=10005-2022.html
N/D;errore;doc34490_depth4_docenti.unisa.it-005501-didattica-anno=2022&id=513445&cId=10004-2022&pId=A9-A-H-S2.html
N/D;errore;doc34493_depth4_docenti.unisa.it-005501-didattica-anno=2022&id=513445&cId=10004-2022&pId=A9-I-Z-S2.html
N/D;errore;doc34492_depth4_docenti.unisa.it-005501-didattica-anno=2022&id=513445&cId=10000-2022.html
N/D;errore;doc34486_depth4_docenti.unisa.it-005501-didattica-anno=2022&id=513445&cId=10003-2022.html
N/D;errore;doc34488_depth4_docenti.unisa.it-005501-didattica-anno=2022&id=513445&cId=10004-2022.html
N/D;errore;doc34530_depth4_docenti.unisa.it-005501-didattica-anno=2016&id=505758&cId=9999-2016&pId=A1-AK-S2.html
N/D;errore;doc34546_depth4_docenti.unisa.it-005501-didattica-anno=2018&id=512146&cId=10005-2017.html
N/D;errore;doc34519_depth4_docenti.unisa.it-005501-didattica-anno=2024&id=516030&cId=10001-2022.html
N/D;errore;doc34518_depth4_docenti.unisa.it-005501-didattica-anno=2024&id=516030&cId=10000-2022.html
N/D;nessun contenuto;doc3452_depth2_www.diem.unisa.it-dipartimento-commissioni-dettaglio=1961.html
N/D;errore;doc34552_depth4_docenti.unisa.it-005501-didattica-anno=2018&id=512146&cId=10002-2017.html
N/D;errore;doc34548_depth4_docenti.unisa.it-005501-didattica-anno=2018&id=512146&cId=10003-2017.html
N/D;errore;doc34550_depth4_docenti.unisa.it-005501-didattica-anno=2018&id=512146&cId=10008-2017.html
N/D;errore;doc34534_depth4_docenti.unisa.it-005501-didattica-anno=2016&id=505758&cId=9999-2016&pId=A1-LZ-S2.html
N/D;errore;doc34549_depth4_docenti.unisa.it-005501-didattica-anno=2018&id=512146&cId=10004-2017.html
N/D;errore;doc34553_depth4_docenti.unisa.it-005501-didattica-anno=2018&id=512146&cId=10006-2017.html
N/D;errore;doc34551_depth4_docenti.unisa.it-005501-didattica-anno=2018&id=512146&cId=10007-2017.html
N/D;errore;doc3461_depth2_docenti.unisa.it-005199-didattica-anno=2025&id=518894.html
N/D;errore;doc3477_depth2_docenti.unisa.it-005199-didattica-anno=2025&id=521532.html
N/D;404;doc3484_depth2_docenti.unisa.it-001888-ricerca-pubblicazioni-anno=2023.html
N/D;errore;doc34872_depth4_docenti.unisa.it-004260-ricerca-progetti-tip=6&ruolo=componente&stato=0.html
N/D;404, pagina non trovata;doc34969_depth4_docenti.unisa.it-004260-en-research-www.wkap.nl-journalhome.htm-0301-1623.html
N/D;errore;doc34988_depth4_docenti.unisa.it-004260-didattica-anno=2023&id=515207&cId=10001-2022.html
N/D;errore;doc35005_depth4_docenti.unisa.it-004260-ricerca-progetti-tip=6&ruolo=tutti&stato=0.html
N/D;errore;doc34990_depth4_docenti.unisa.it-004260-didattica-anno=2023&id=515207&cId=10000-2022.html
N/D;errore;doc35020_depth4_docenti.unisa.it-004260-didattica-anno=2024&id=515207&cId=10002-2022.html
N/D;errore;doc34995_depth4_docenti.unisa.it-004260-didattica-anno=2023&id=515207&cId=10002-2022.html
N/D;errore;doc35012_depth4_docenti.unisa.it-004260-didattica-anno=2024&id=515207&cId=10000-2022.html
N/D;errore;doc35015_depth4_docenti.unisa.it-004260-didattica-anno=2024&id=515207&cId=10002-2022&pId=A9-A-H-S1.html
N/D;errore;doc35025_depth4_docenti.unisa.it-004260-didattica-anno=2024&id=515207&cId=10001-2022.html
N/D;errore;doc35045_depth4_docenti.unisa.it-004260-didattica-anno=2023&id=515207&cId=10002-2022&pId=A9-I-Z-S1.html
N/D;errore;doc35053_depth4_docenti.unisa.it-004260-didattica-anno=2023&id=515207&cId=10002-2022&pId=A9-A-H-S1.html
N/D;errore;doc35050_depth4_docenti.unisa.it-004260-didattica-anno=2024&id=515207&cId=10002-2022&pId=A9-I-Z-S1.html
N/D;errore;doc35086_depth4_docenti.unisa.it-004260-didattica-anno=2020&id=505767&cId=10000-2017.html
N/D;errore;doc35098_depth4_docenti.unisa.it-004260-didattica-anno=2022&id=515207&cId=10003-2017&pId=A9-A-H-S1.html
N/D;404, pagina non trovata;doc35102_depth4_docenti.unisa.it-004260-004260-didattica-orari-include=attivita&attivita=EC2025-A9-A-H-S1-S1-82075-515207.html
N/D;errore;doc35082_depth4_docenti.unisa.it-004260-didattica-anno=2020&id=505767&cId=10002-2017.html
N/D;errore;doc35106_depth4_docenti.unisa.it-004260-didattica-anno=2022&id=515207&cId=10001-2017.html
N/D;errore;doc35107_depth4_docenti.unisa.it-004260-didattica-anno=2022&id=515207&cId=10000-2017.html
N/D;errore;doc35109_depth4_docenti.unisa.it-004260-didattica-anno=2020&id=505767&cId=10001-2017.html
N/D;errore;doc35121_depth4_docenti.unisa.it-004260-didattica-anno=2020&id=505767&cId=10003-2017.html
N/D;errore;doc35134_depth4_docenti.unisa.it-004260-didattica-anno=2025&id=515207&cId=10000-2022&pId=A9-I-Z-S1.html
N/D;errore;doc35111_depth4_docenti.unisa.it-004260-didattica-anno=2022&id=515207&cId=10003-2017.html
N/D;errore;doc35094_depth4_docenti.unisa.it-004260-didattica-anno=2020&id=505767&cId=10003-2017&pId=A9-I-Z-S1.html
N/D;errore;doc35137_depth4_docenti.unisa.it-004260-didattica-anno=2022&id=515207&cId=10003-2017&pId=A9-I-Z-S1.html
N/D;errore;doc35124_depth4_docenti.unisa.it-004260-didattica-anno=2020&id=505767&cId=10003-2017&pId=A9-A-H-S1.html
N/D;errore;doc35152_depth4_docenti.unisa.it-004260-didattica-anno=2025&id=515207&cId=10001-2022&pId=A9-I-Z-S1.html
N/D;errore;doc35179_depth4_docenti.unisa.it-004260-didattica-anno=2018&id=505767&cId=9999-2016&pId=A3-AL-S1.html
N/D;errore;doc35132_depth4_docenti.unisa.it-004260-didattica-anno=2022&id=515207&cId=10002-2017.html
N/D;errore;doc35186_depth4_docenti.unisa.it-004260-en-research-projects-tip=6&ruolo=componente.html
N/D;errore;doc35205_depth4_docenti.unisa.it-004260-didattica-anno=2018&id=509543&cId=10006-2017.html
N/D;errore;doc35190_depth4_docenti.unisa.it-004260-en-research-projects-progetto=18557.html
N/D;errore;doc35204_depth4_docenti.unisa.it-004260-en-research-projects-ruolo=tutti&stato=0.html
N/D;errore;doc35176_depth4_docenti.unisa.it-004260-didattica-anno=2025&id=515207&cId=10001-2022&pId=A9-A-H-S1.html
N/D;errore;doc35218_depth4_docenti.unisa.it-004260-didattica-anno=2018&id=509543&cId=10008-2017.html
N/D;errore;doc35219_depth4_docenti.unisa.it-004260-didattica-anno=2018&id=509543&cId=10003-2017.html
N/D;errore;doc35211_depth4_docenti.unisa.it-004260-didattica-anno=2018&id=505767&cId=9999-2016&pId=A3-MZ-S1.html
N/D;errore;doc35215_depth4_docenti.unisa.it-004260-en-research-projects-ruolo=componente&stato=0.html
N/D;errore;doc35155_depth4_docenti.unisa.it-004260-didattica-anno=2025&id=515207&cId=10000-2022&pId=A9-A-H-S1.html
N/D;errore;doc35213_depth4_docenti.unisa.it-004260-didattica-anno=2018&id=509543&cId=10005-2017.html
N/D;errore;doc35224_depth4_docenti.unisa.it-004260-didattica-anno=2019&id=505767&cId=9999-2017&pId=A9-A-H-S1.html
N/D;errore;doc35226_depth4_docenti.unisa.it-004260-didattica-anno=2021&id=513329&cId=10003-2017&pId=A9-I-Z-S2.html
N/D;errore;doc35229_depth4_docenti.unisa.it-004260-didattica-anno=2021&id=513329&cId=10003-2017.html
N/D;errore;doc35227_depth4_docenti.unisa.it-004260-didattica-anno=2021&id=513329&cId=10000-2017.html
N/D;errore;doc35231_depth4_docenti.unisa.it-004260-didattica-anno=2021&id=513329&cId=10003-2017&pId=A9-A-H-S2.html
N/D;errore;doc35228_depth4_docenti.unisa.it-004260-didattica-anno=2018&id=509543&cId=10002-2017.html
N/D;errore;doc35240_depth4_docenti.unisa.it-004260-didattica-anno=2018&id=509543&cId=10007-2017.html
N/D;errore;doc35245_depth4_docenti.unisa.it-004260-didattica-anno=2019&id=505767&cId=9999-2017&pId=A9-I-Z-S1.html
N/D;errore;doc35248_depth4_docenti.unisa.it-004260-didattica-anno=2021&id=513329&cId=10001-2017.html
N/D;errore;doc35249_depth4_docenti.unisa.it-004260-en-research-projects-tip=6&ruolo=tutti.html
N/D;errore;doc35251_depth4_docenti.unisa.it-004260-didattica-anno=2018&id=509543&cId=10004-2017.html
N/D;errore;doc35276_depth4_docenti.unisa.it-004260-didattica-anno=2021&id=513329&cId=10002-2017.html
N/D;errore;doc35299_depth4_docenti.unisa.it-001722-en-research-projects-progetto=24750.html
N/D;404, pagina non trovata;doc35305_depth4_docenti.unisa.it-022852-022852-didattica-orari-include=attivita&attivita=EC2025-A9-A-H-S1-S1-82085-507092.html
N/D;errore;doc35313_depth4_docenti.unisa.it-022852-didattica-anno=2023&id=507092&cId=10000-2022.html
N/D;errore;doc35318_depth4_docenti.unisa.it-022852-didattica-anno=2023&id=507092&cId=10001-2022.html
N/D;errore;doc35325_depth4_docenti.unisa.it-022852-didattica-anno=2024&id=507092&cId=10000-2022.html
N/D;errore;doc35326_depth4_docenti.unisa.it-022852-didattica-anno=2024&id=507092&cId=10002-2022&pId=A9-I-Z-S1.html
N/D;errore;doc35327_depth4_docenti.unisa.it-022852-didattica-anno=2024&id=507092&cId=10001-2022.html
N/D;errore;doc35328_depth4_docenti.unisa.it-022852-didattica-anno=2024&id=507092&cId=10002-2022.html
N/D;errore;doc35335_depth4_docenti.unisa.it-022852-didattica-anno=2023&id=507092&cId=10002-2022&pId=A9-I-Z-S1.html
N/D;errore;doc35336_depth4_docenti.unisa.it-022852-didattica-anno=2023&id=507092&cId=10002-2022.html
N/D;errore;doc35342_depth4_docenti.unisa.it-022852-didattica-anno=2024&id=507092&cId=10002-2022&pId=A9-A-H-S1.html
N/D;errore;doc35345_depth4_docenti.unisa.it-022852-didattica-anno=2025&id=507092&cId=10000-2022&pId=A9-I-Z-S1.html
N/D;errore;doc35350_depth4_docenti.unisa.it-022852-didattica-anno=2025&id=507092&cId=10001-2022&pId=A9-I-Z-S1.html
N/D;errore;doc35353_depth4_docenti.unisa.it-022852-didattica-anno=2025&id=507092&cId=10000-2022&pId=A9-A-H-S1.html
N/D;errore;doc35364_depth4_docenti.unisa.it-022852-didattica-anno=2025&id=507092&cId=10001-2022&pId=A9-A-H-S1.html
N/D;errore;doc35369_depth4_docenti.unisa.it-022852-didattica-anno=2023&id=507092&cId=10002-2022&pId=A9-A-H-S1.html
N/D;errore;doc35431_depth4_docenti.unisa.it-022852-didattica-anno=2022&id=507092&cId=10003-2017.html
N/D;errore;doc35437_depth4_docenti.unisa.it-022852-didattica-anno=2022&id=507092&cId=10001-2017.html
N/D;errore;doc35445_depth4_docenti.unisa.it-022852-didattica-anno=2022&id=507092&cId=10003-2017&pId=A9-I-Z-S1.html
N/D;errore;doc35451_depth4_docenti.unisa.it-022852-didattica-anno=2022&id=507092&cId=10000-2017.html
N/D;errore;doc35469_depth4_docenti.unisa.it-022852-didattica-anno=2022&id=507092&cId=10003-2017&pId=A9-A-H-S1.html
N/D;errore;doc35491_depth4_docenti.unisa.it-022852-didattica-anno=2022&id=507092&cId=10002-2017.html
N/D;404, pagina non trovata;doc35619_depth4_docenti.unisa.it-069971-curriculum.html
N/D;404, pagina non trovata;doc35662_depth4_docenti.unisa.it-054591-054591-didattica-orari-include=attivita&attivita=EC2025-A9-I-Z-S2-S2-82083-516087.html
N/D;errore;doc35715_depth4_docenti.unisa.it-023586-didattica-anno=2018&id=505758&cId=9999-2017&pId=A9-I-Z-S2.html
N/D;errore;doc35714_depth4_docenti.unisa.it-023586-didattica-anno=2018&id=505758&cId=9999-2017&pId=A9-A-H-S2.html
N/D;404, pagina non trovata;doc35742_depth4_docenti.unisa.it-023586-023586-didattica-orari-include=attivita&attivita=EC2025-A9-I-Z-S2-S2-88746-521540.html
N/D;errore;doc35827_depth4_docenti.unisa.it-023586-didattica-anno=2019&id=505758&cId=9999-2017&pId=A9-I-Z-S2.html
N/D;errore;doc35837_depth4_docenti.unisa.it-023586-didattica-anno=2019&id=505758&cId=9999-2017&pId=A9-A-H-S2.html
N/D;404, pagina non trovata;doc36176_depth4_docenti.unisa.it-003780-en-research-www.elsevier.com-inca-publications-store-3-2-8-.html
N/D;404, pagina non trovata;doc36302_depth4_docenti.unisa.it-023586-023586-didattica-orari-include=attivita&attivita=EC2025-A9-I-Z-S1-S1-77691-505759.html
N/D;errore;doc36378_depth4_docenti.unisa.it-005768-didattica-anno=2017&id=512146&cId=10001-2016.html
N/D;errore;doc36385_depth4_docenti.unisa.it-005768-didattica-anno=2017&id=512146&cId=10000-2016.html
N/D;errore;doc36458_depth4_docenti.unisa.it-005768-didattica-anno=2022&id=513445&cId=10004-2022&pId=A9-I-Z-S2.html
N/D;errore;doc36466_depth4_docenti.unisa.it-005768-didattica-anno=2022&id=516030&cId=10001-2022&pId=A9-A-H-S2.html
N/D;errore;doc36461_depth4_docenti.unisa.it-005768-didattica-anno=2022&id=513445&cId=10002-2022.html
N/D;errore;doc36462_depth4_docenti.unisa.it-005768-didattica-anno=2022&id=513445&cId=10004-2022&pId=A9-A-H-S2.html
N/D;errore;doc36459_depth4_docenti.unisa.it-005768-didattica-anno=2022&id=513445&cId=10001-2022.html
N/D;errore;doc36460_depth4_docenti.unisa.it-005768-didattica-anno=2022&id=516030&cId=10001-2022.html
N/D;errore;doc36465_depth4_docenti.unisa.it-005768-didattica-anno=2022&id=516030&cId=10001-2022&pId=A9-I-Z-S2.html
N/D;errore;doc36483_depth4_docenti.unisa.it-005768-didattica-anno=2020&id=513445&cId=10010-2017.html
N/D;errore;doc36463_depth4_docenti.unisa.it-005768-didattica-anno=2022&id=516030&cId=10000-2022.html
N/D;errore;doc36457_depth4_docenti.unisa.it-005768-didattica-anno=2022&id=513445&cId=10004-2022.html
N/D;errore;doc36486_depth4_docenti.unisa.it-005768-didattica-anno=2020&id=513445&cId=10007-2017.html
N/D;errore;doc36481_depth4_docenti.unisa.it-005768-didattica-anno=2020&id=513445&cId=10013-2017.html
N/D;errore;doc36480_depth4_docenti.unisa.it-005768-didattica-anno=2020&id=513445&cId=10004-2017.html
N/D;errore;doc36484_depth4_docenti.unisa.it-005768-didattica-anno=2020&id=513445&cId=10011-2017.html
N/D;errore;doc36456_depth4_docenti.unisa.it-005768-didattica-anno=2022&id=513445&cId=10003-2022.html
N/D;errore;doc36453_depth4_docenti.unisa.it-005768-didattica-anno=2022&id=513445&cId=10005-2022.html
N/D;errore;doc36491_depth4_docenti.unisa.it-005768-didattica-anno=2020&id=513445&cId=10003-2017.html
N/D;errore;doc36482_depth4_docenti.unisa.it-005768-didattica-anno=2020&id=513445&cId=10012-2017.html
N/D;errore;doc36490_depth4_docenti.unisa.it-005768-didattica-anno=2020&id=513421&cId=10000-2018.html
N/D;errore;doc36487_depth4_docenti.unisa.it-005768-didattica-anno=2020&id=513445&cId=10006-2017.html
N/D;errore;doc36493_depth4_docenti.unisa.it-005768-didattica-anno=2020&id=513445&cId=10008-2017.html
N/D;errore;doc36455_depth4_docenti.unisa.it-005768-didattica-anno=2022&id=513445&cId=10000-2022.html
N/D;errore;doc36485_depth4_docenti.unisa.it-005768-didattica-anno=2020&id=513445&cId=10009-2017.html
N/D;errore;doc36492_depth4_docenti.unisa.it-005768-didattica-anno=2020&id=513421&cId=10001-2018.html
N/D;errore;doc36488_depth4_docenti.unisa.it-005768-didattica-anno=2020&id=513445&cId=10005-2017.html
N/D;errore;doc36489_depth4_docenti.unisa.it-005768-didattica-anno=2020&id=513445&cId=10002-2017.html
N/D;errore;doc36587_depth4_docenti.unisa.it-005768-didattica-anno=2021&id=513421&cId=10000-2018.html
N/D;errore;doc36591_depth4_docenti.unisa.it-005768-didattica-anno=2021&id=513421&cId=10001-2018&pId=A9-A-H-S2.html
N/D;errore;doc36594_depth4_docenti.unisa.it-005768-didattica-anno=2021&id=513421&cId=10001-2018.html
N/D;errore;doc36598_depth4_docenti.unisa.it-005768-didattica-anno=2021&id=513421&cId=10001-2018&pId=A9-I-Z-S2.html
N/D;errore;doc36607_depth4_docenti.unisa.it-005768-didattica-anno=2021&id=513445&cId=10003-2017.html
N/D;errore;doc36608_depth4_docenti.unisa.it-005768-didattica-anno=2021&id=513445&cId=10007-2017.html
N/D;errore;doc36609_depth4_docenti.unisa.it-005768-didattica-anno=2021&id=513445&cId=10008-2017.html
N/D;errore;doc36612_depth4_docenti.unisa.it-005768-didattica-anno=2021&id=513445&cId=10005-2017.html
N/D;errore;doc36613_depth4_docenti.unisa.it-005768-didattica-anno=2021&id=513445&cId=10012-2017.html
N/D;errore;doc36616_depth4_docenti.unisa.it-005768-didattica-anno=2021&id=513445&cId=10013-2017&pId=A9-A-H-S2.html
N/D;errore;doc36617_depth4_docenti.unisa.it-005768-didattica-anno=2021&id=513445&cId=10002-2017.html
N/D;errore;doc36618_depth4_docenti.unisa.it-005768-didattica-anno=2021&id=513445&cId=10004-2017.html
N/D;errore;doc36620_depth4_docenti.unisa.it-005768-didattica-anno=2021&id=513445&cId=10011-2017.html
N/D;errore;doc36611_depth4_docenti.unisa.it-005768-didattica-anno=2021&id=513445&cId=10010-2017.html
N/D;errore;doc36610_depth4_docenti.unisa.it-005768-didattica-anno=2021&id=513445&cId=10013-2017.html
N/D;errore;doc36619_depth4_docenti.unisa.it-005768-didattica-anno=2021&id=513445&cId=10013-2017&pId=A9-I-Z-S2.html
N/D;errore;doc36615_depth4_docenti.unisa.it-005768-didattica-anno=2021&id=513445&cId=10006-2017.html
N/D;errore;doc36606_depth4_docenti.unisa.it-005768-didattica-anno=2021&id=513445&cId=10009-2017.html
N/D;404, pagina non trovata;doc3663_depth2_corsi.unisa.it-photovoltaics-it-home.html
N/D;errore;doc36907_depth4_docenti.unisa.it-005768-didattica-anno=2019&id=512146&cId=10004-2017.html
N/D;errore;doc36904_depth4_docenti.unisa.it-005768-didattica-anno=2019&id=513445&cId=10005-2017.html
N/D;errore;doc36913_depth4_docenti.unisa.it-005768-didattica-anno=2019&id=513445&cId=10002-2017.html
N/D;errore;doc36910_depth4_docenti.unisa.it-005768-didattica-anno=2019&id=512146&cId=10006-2017.html
N/D;errore;doc36908_depth4_docenti.unisa.it-005768-didattica-anno=2019&id=513445&cId=10003-2017.html
N/D;errore;doc36917_depth4_docenti.unisa.it-005768-didattica-anno=2019&id=512146&cId=10007-2017.html
N/D;errore;doc36919_depth4_docenti.unisa.it-005768-didattica-anno=2019&id=512146&cId=10005-2017.html
N/D;errore;doc36905_depth4_docenti.unisa.it-005768-didattica-anno=2019&id=513445&cId=10007-2017.html
N/D;errore;doc36914_depth4_docenti.unisa.it-005768-didattica-anno=2019&id=512146&cId=10010-2017.html
N/D;errore;doc36923_depth4_docenti.unisa.it-005768-didattica-anno=2019&id=513445&cId=10009-2017.html
N/D;errore;doc36939_depth4_docenti.unisa.it-005768-didattica-anno=2019&id=512146&cId=10009-2017.html
N/D;errore;doc36933_depth4_docenti.unisa.it-005768-didattica-anno=2019&id=513445&cId=10006-2017.html
N/D;errore;doc36937_depth4_docenti.unisa.it-005768-didattica-anno=2019&id=512146&cId=10002-2017.html
N/D;errore;doc36934_depth4_docenti.unisa.it-005768-didattica-anno=2018&id=512146&cId=10007-2017.html
N/D;errore;doc36930_depth4_docenti.unisa.it-005768-didattica-anno=2019&id=512146&cId=10008-2017.html
N/D;errore;doc36949_depth4_docenti.unisa.it-005768-didattica-anno=2018&id=512146&cId=10004-2017.html
N/D;errore;doc36951_depth4_docenti.unisa.it-005768-didattica-anno=2018&id=512146&cId=10008-2017.html
N/D;errore;doc36948_depth4_docenti.unisa.it-005768-didattica-anno=2018&id=512146&cId=10002-2017.html
N/D;errore;doc36922_depth4_docenti.unisa.it-005768-didattica-anno=2019&id=513445&cId=10004-2017.html
N/D;errore;doc36960_depth4_docenti.unisa.it-005768-didattica-anno=2023&id=513445&cId=10005-2022.html
N/D;errore;doc36940_depth4_docenti.unisa.it-005768-didattica-anno=2019&id=513445&cId=10008-2017.html
N/D;errore;doc36946_depth4_docenti.unisa.it-005768-didattica-anno=2023&id=513445&cId=10004-2022.html
N/D;404, pagina non trovata;doc36945_depth4_docenti.unisa.it-005768-005768-didattica-orari-include=attivita&attivita=EC2025-A9-I-Z-S1-S1-78806-515192.html
N/D;errore;doc36955_depth4_docenti.unisa.it-005768-didattica-anno=2023&id=513445&cId=10000-2022.html
N/D;errore;doc36966_depth4_docenti.unisa.it-005768-didattica-anno=2018&id=512146&cId=10003-2017.html
N/D;errore;doc36954_depth4_docenti.unisa.it-005768-didattica-anno=2018&id=512146&cId=10006-2017.html
N/D;errore;doc36980_depth4_docenti.unisa.it-005768-didattica-anno=2023&id=513445&cId=10004-2022&pId=A9-I-Z-S2.html
N/D;errore;doc36982_depth4_docenti.unisa.it-005768-didattica-anno=2023&id=513445&cId=10003-2022.html
N/D;errore;doc36972_depth4_docenti.unisa.it-005768-didattica-anno=2023&id=513445&cId=10001-2022.html
N/D;errore;doc36935_depth4_docenti.unisa.it-005768-didattica-anno=2019&id=512146&cId=10003-2017.html
N/D;errore;doc36994_depth4_docenti.unisa.it-005768-didattica-anno=2023&id=513445&cId=10004-2022&pId=A9-A-H-S2.html
N/D;errore;doc36971_depth4_docenti.unisa.it-005768-didattica-anno=2023&id=513445&cId=10002-2022.html
N/D;errore;doc37012_depth4_docenti.unisa.it-005768-didattica-anno=2019&id=513445&cId=10010-2017.html
N/D;errore;doc3702_depth2_docenti.unisa.it-005199-ricerca-progetti-tip=6&ruolo=responsabile.html
N/D;errore;doc36992_depth4_docenti.unisa.it-005768-didattica-anno=2023&id=516030&cId=10001-2022&pId=A9-A-H-S2.html
N/D;errore;doc36996_depth4_docenti.unisa.it-005768-didattica-anno=2018&id=512146&cId=10005-2017.html
N/D;errore;doc37077_depth4_docenti.unisa.it-020346-didattica-anno=2015&id=505760&cId=9999-2012&pId=MATR-DISPARI.html
N/D;errore;doc37171_depth4_docenti.unisa.it-020346-didattica-anno=2015&id=505786&cId=9999-2012&pId=MATR-DISPARI.html
N/D;errore;doc37158_depth4_docenti.unisa.it-020346-didattica-anno=2015&id=505786&cId=9999-2012&pId=MATR-PARI.html
N/D;errore;doc37172_depth4_docenti.unisa.it-020346-didattica-anno=2015&id=505760&cId=9999-2012&pId=MATR-PARI.html
N/D;404, pagina non trovata;doc37155_depth4_docenti.unisa.it-001319-001319-didattica-orari-include=attivita&attivita=EC2025-A9-I-Z-S2-S2-77689-505757.html
N/D;errore;doc3717_depth2_docenti.unisa.it-005199-en-research-projects.html
N/D;errore;doc3720_depth2_docenti.unisa.it-005199-ricerca-progetti-ruolo=responsabile&stato=0.html
N/D;404, pagina non trovata;doc37198_depth4_docenti.unisa.it-024450-curriculum.html
N/D;errore;doc3719_depth2_docenti.unisa.it-005199-ricerca-progetti-ruolo=responsabile.html
N/D;errore;doc3730_depth2_docenti.unisa.it-005199-ricerca-progetti-ruolo=tutti.html
N/D;404;doc3735_depth2_docenti.unisa.it-001680-ricerca-pubblicazioni-anno=0.html
N/D;errore;doc37548_depth4_docenti.unisa.it-003735-didattica-anno=2015&id=505760&cId=9999-2012&pId=MATR-DISPARI.html
N/D;errore;doc37584_depth4_docenti.unisa.it-003735-didattica-anno=2015&id=505786&cId=9999-2012&pId=MATR-DISPARI.html
N/D;errore;doc37547_depth4_docenti.unisa.it-003735-didattica-anno=2015&id=505760&cId=9999-2012&pId=MATR-PARI.html
N/D;errore;doc37596_depth4_docenti.unisa.it-003735-didattica-anno=2015&id=505786&cId=9999-2012&pId=MATR-PARI.html
N/D;errore;doc37677_depth4_docenti.unisa.it-003735-didattica-anno=2023&id=516042&cId=10001-2022.html
N/D;404;doc37672_depth4_docenti.unisa.it-005133-en-research-publications-anno=2009&tip=273.html
N/D;errore;doc37709_depth4_docenti.unisa.it-003735-didattica-anno=2023&id=516042&cId=10000-2022.html
N/D;errore;doc37747_depth4_docenti.unisa.it-003735-didattica-anno=2022&id=515132&cId=10011-2017.html
N/D;404, pagina non trovata;doc37741_depth4_docenti.unisa.it-003780-003780-didattica-orari-include=attivita&attivita=EC2025-A9-I-Z-S2-S2-88663-521339.html
N/D;errore;doc37749_depth4_docenti.unisa.it-003735-didattica-anno=2022&id=515132&cId=10006-2017.html
N/D;errore;doc37777_depth4_docenti.unisa.it-003735-didattica-anno=2025&id=521532&cId=10003-2025&pId=A9-I-Z-S1.html
N/D;404, pagina non trovata;doc37766_depth4_docenti.unisa.it-003735-003735-didattica-orari-include=attivita&attivita=EC2025-A9-I-Z-S1-S1-88702-521532.html
N/D;errore;doc37786_depth4_docenti.unisa.it-003735-didattica-anno=2024&id=515132&cId=10001-2022&pId=A9-I-Z-S1.html
N/D;errore;doc37765_depth4_docenti.unisa.it-003735-didattica-anno=2019&id=513417&cId=10006-2017.html
N/D;errore;doc37778_depth4_docenti.unisa.it-003735-didattica-anno=2019&id=513417&cId=10007-2017.html
N/D;errore;doc37780_depth4_docenti.unisa.it-003735-didattica-anno=2025&id=521532&cId=10000-2025&pId=A9-A-H-S1.html
N/D;404;doc37732_depth4_docenti.unisa.it-005133-en-research-publications-anno=0&tip=273.html
N/D;errore;doc37793_depth4_docenti.unisa.it-003735-didattica-anno=2025&id=521532&cId=10000-2025&pId=A9-I-Z-S1.html
N/D;errore;doc37794_depth4_docenti.unisa.it-003735-didattica-anno=2024&id=518949&cId=10002-2022.html
N/D;errore;doc37806_depth4_docenti.unisa.it-003735-didattica-anno=2024&id=516042&cId=10000-2022.html
N/D;errore;doc37789_depth4_docenti.unisa.it-003735-didattica-anno=2025&id=521532&cId=10002-2025&pId=A9-A-H-S1.html
N/D;errore;doc37810_depth4_docenti.unisa.it-003735-didattica-anno=2024&id=518949&cId=10003-2022.html
N/D;errore;doc37797_depth4_docenti.unisa.it-003735-didattica-anno=2024&id=518949&cId=10004-2022&pId=A9-I-Z-S1.html
N/D;errore;doc37776_depth4_docenti.unisa.it-003735-didattica-anno=2025&id=521532&cId=10002-2025&pId=A9-I-Z-S1.html
N/D;errore;doc37791_depth4_docenti.unisa.it-003735-didattica-anno=2025&id=521532&cId=10003-2025&pId=A9-A-H-S1.html
N/D;errore;doc37814_depth4_docenti.unisa.it-003735-didattica-anno=2024&id=518949&cId=10004-2022.html
N/D;errore;doc37823_depth4_docenti.unisa.it-003735-didattica-anno=2024&id=516042&cId=10001-2022.html
N/D;errore;doc37804_depth4_docenti.unisa.it-003735-didattica-anno=2024&id=518949&cId=10000-2022.html
N/D;errore;doc37817_depth4_docenti.unisa.it-003735-didattica-anno=2024&id=518949&cId=10004-2022&pId=A9-A-H-S1.html
N/D;errore;doc37796_depth4_docenti.unisa.it-003735-didattica-anno=2024&id=518949&cId=10005-2022.html
N/D;errore;doc37790_depth4_docenti.unisa.it-003735-didattica-anno=2024&id=515132&cId=10001-2022&pId=A9-A-H-S1.html
N/D;errore;doc37878_depth4_docenti.unisa.it-003735-didattica-anno=2020&id=513417&cId=10006-2017.html
N/D;errore;doc37891_depth4_docenti.unisa.it-003735-didattica-anno=2021&id=513444&cId=10000-2018.html
N/D;errore;doc37893_depth4_docenti.unisa.it-003735-didattica-anno=2020&id=513444&cId=10001-2018.html
N/D;errore;doc37876_depth4_docenti.unisa.it-003735-didattica-anno=2020&id=513417&cId=10007-2017&pId=A9-A-H-S2.html
N/D;errore;doc37904_depth4_docenti.unisa.it-003735-didattica-anno=2021&id=513444&cId=10001-2018.html
N/D;errore;doc37911_depth4_docenti.unisa.it-003735-didattica-anno=2020&id=513444&cId=10001-2018&pId=A9-A-H-S2.html
N/D;errore;doc37830_depth4_docenti.unisa.it-003735-didattica-anno=2024&id=518949&cId=10001-2022.html
N/D;errore;doc37892_depth4_docenti.unisa.it-003735-didattica-anno=2020&id=513444&cId=10000-2018.html
N/D;404, pagina non trovata;doc37995_depth4_docenti.unisa.it-003735-en-research-www.tandf.co.uk-journals-titles-03610926.asp.html
N/D;errore;doc38189_depth4_docenti.unisa.it-003735-en-research-projects-progetto=18557.html
N/D;404;doc3813_depth2_docenti.unisa.it-001888-ricerca-pubblicazioni-anno=0.html
N/D;errore;doc3839_depth2_docenti.unisa.it-058553-didattica-anno=2025&id=521541.html
N/D;404;doc38588_depth4_docenti.unisa.it-001295-en-research-publications-anno=1992&tip=262.html
N/D;404;doc38604_depth4_docenti.unisa.it-001295-en-research-publications-anno=2012&tip=262.html
N/D;404, pagina non trovata;doc38597_depth4_docenti.unisa.it-001295-en-research-www.novapublishers.com-catalog-product_info.php-products_id=53131&osCsid=.html
N/D;errore;doc3863_depth2_docenti.unisa.it-058553-didattica-anno=2025&id=521924.html
N/D;404;doc38668_depth4_docenti.unisa.it-001295-en-research-publications-anno=0&tip=262.html
N/D;not found;doc38949_depth4_docenti.unisa.it-062461-en-research-www.nature.com-srep-index.html.html
N/D;404, pagina non trovata;doc38965_depth4_docenti.unisa.it-001295-001295-didattica-orari-include=attivita&attivita=EC2025-A9-A-H-S2-S2-88670-521342.html
N/D;404, pagina non trovata;doc39136_depth4_docenti.unisa.it-001295-001295-didattica-orari-include=attivita&attivita=EC2025-A9-A-H-S1-S1-88604-521326.html
N/D;404, pagina non trovata;doc39366_depth4_docenti.unisa.it-082691-082691-didattica-orari-include=attivita&attivita=EC2025-A9-A-H-S1-S1-77691-505759.html
N/D;errore;doc39408_depth4_docenti.unisa.it-001670-en-research-projects-tip=6&ruolo=componente.html
N/D;404, pagina non trovata;doc39414_depth4_docenti.unisa.it-082691-082691-didattica-orari-include=attivita&attivita=EC2025-A9-A-H-S2-S2-88748-521536.html
N/D;errore;doc39432_depth4_docenti.unisa.it-001670-en-research-projects-ruolo=tutti&stato=0.html
N/D;404, pagina non trovata;doc39451_depth4_docenti.unisa.it-082691-082691-didattica-orari-include=attivita&attivita=EC2025-A9-I-Z-S1-S1-89985-521330.html
N/D;errore;doc39495_depth4_docenti.unisa.it-001670-ricerca-progetti-tip=6&ruolo=componente&stato=0.html
N/D;errore;doc39508_depth4_docenti.unisa.it-001670-en-research-projects-tip=6&ruolo=tutti.html
N/D;errore;doc39501_depth4_docenti.unisa.it-001670-en-research-projects-ruolo=componente&stato=0.html
N/D;errore;doc39524_depth4_docenti.unisa.it-001670-didattica-anno=2015&id=505786&cId=9999-2012&pId=MATR-PARI.html
N/D;errore;doc39529_depth4_docenti.unisa.it-001670-ricerca-progetti-tip=6&ruolo=tutti&stato=0.html
N/D;errore;doc39570_depth4_docenti.unisa.it-001670-didattica-anno=2015&id=505760&cId=9999-2012&pId=MATR-PARI.html
N/D;errore;doc39574_depth4_docenti.unisa.it-001670-didattica-anno=2015&id=505786&cId=9999-2012&pId=MATR-DISPARI.html
N/D;404, pagina non trovata;doc39591_depth4_docenti.unisa.it-004701-004701-didattica-orari-include=attivita&attivita=EC2025-A9-I-Z-S2-S2-77689-505757.html
N/D;errore;doc39599_depth4_docenti.unisa.it-001670-didattica-anno=2015&id=505760&cId=9999-2012&pId=MATR-DISPARI.html
N/D;errore;doc3965_depth2_docenti.unisa.it-005501-didattica-anno=2025&id=521924.html
N/D;errore;doc4039_depth2_docenti.unisa.it-004260-ricerca-progetti-ruolo=componente.html
N/D;errore;doc4045_depth2_docenti.unisa.it-004260-ricerca-progetti-ruolo=tutti.html
N/D;errore;doc40656_depth5_docenti.unisa.it-004490-didattica-anno=2023&id=515207&cId=10001-2022&pId=A9-I-Z-S1.html
N/D;errore;doc40662_depth5_docenti.unisa.it-004490-didattica-anno=2023&id=515207&cId=10001-2022&pId=A9-A-H-S1.html
N/D;errore;doc40668_depth5_docenti.unisa.it-004490-didattica-anno=2024&id=515207&cId=10000-2022&pId=A9-I-Z-S1.html
N/D;forbidden;doc40670_depth5_docenti.unisa.it-038016-en-teaching-anno=2022&id=516031&cId=10000-2022.html
N/D;errore;doc40669_depth5_docenti.unisa.it-004490-didattica-anno=2021&id=513329&cId=10001-2017&pId=A9-I-Z-S2.html
N/D;forbidden;doc40671_depth5_docenti.unisa.it-038016-en-teaching-anno=2024&id=516031&cId=10000-2022.html
N/D;forbidden;doc40674_depth5_docenti.unisa.it-038016-en-teaching-anno=2024&id=516031&cId=10001-2022.html
N/D;errore;doc40676_depth5_docenti.unisa.it-004490-didattica-anno=2021&id=513329&cId=10001-2017&pId=A9-A-H-S2.html
N/D;errore;doc40680_depth5_docenti.unisa.it-004490-didattica-anno=2021&id=513329&cId=10000-2017&pId=A9-A-H-S2.html
N/D;errore;doc40681_depth5_docenti.unisa.it-004490-didattica-anno=2022&id=515207&cId=10000-2017&pId=A9-I-Z-S1.html
N/D;errore;doc40684_depth5_docenti.unisa.it-004490-didattica-anno=2023&id=515207&cId=10000-2022&pId=A9-A-H-S1.html
N/D;errore;doc40693_depth5_docenti.unisa.it-004490-didattica-anno=2021&id=513329&cId=10000-2017&pId=A9-I-Z-S2.html
N/D;errore;doc40694_depth5_docenti.unisa.it-004490-didattica-anno=2024&id=515207&cId=10000-2022&pId=A9-A-H-S1.html
N/D;forbidden;doc40695_depth5_docenti.unisa.it-038016-en-teaching-anno=2023&id=516031&cId=10001-2022.html
N/D;errore;doc40701_depth5_docenti.unisa.it-004490-didattica-anno=2024&id=515207&cId=10001-2022&pId=A9-I-Z-S1.html
N/D;errore;doc40707_depth5_docenti.unisa.it-004490-didattica-anno=2023&id=515207&cId=10000-2022&pId=A9-I-Z-S1.html
N/D;forbidden;doc40710_depth5_docenti.unisa.it-038016-en-teaching-anno=2022&id=516031&cId=10001-2022.html
N/D;errore;doc40709_depth5_docenti.unisa.it-004490-didattica-anno=2022&id=515207&cId=10002-2017&pId=A9-A-H-S1.html
N/D;forbidden;doc40711_depth5_docenti.unisa.it-038016-en-teaching-anno=2023&id=516031&cId=10000-2022.html
N/D;errore;doc40712_depth5_docenti.unisa.it-004490-didattica-anno=2024&id=515207&cId=10001-2022&pId=A9-A-H-S1.html
N/D;errore;doc40715_depth5_docenti.unisa.it-004490-didattica-anno=2022&id=515207&cId=10000-2017&pId=A9-A-H-S1.html
N/D;errore;doc40716_depth5_docenti.unisa.it-004490-didattica-anno=2022&id=515207&cId=10002-2017&pId=A9-I-Z-S1.html
N/D;errore;doc40720_depth5_docenti.unisa.it-004490-didattica-anno=2022&id=515207&cId=10001-2017&pId=A9-A-H-S1.html
N/D;errore;doc40760_depth5_docenti.unisa.it-004490-didattica-anno=2021&id=513329&cId=10002-2017&pId=A9-I-Z-S2.html
N/D;errore;doc40767_depth5_docenti.unisa.it-004490-didattica-anno=2021&id=513329&cId=10002-2017&pId=A9-A-H-S2.html
N/D;errore;doc4078_depth2_docenti.unisa.it-004260-didattica-anno=2025&id=515207.html
N/D;errore;doc40804_depth5_docenti.unisa.it-004490-didattica-anno=2022&id=515207&cId=10001-2017&pId=A9-I-Z-S1.html
N/D;errore;doc40873_depth5_docenti.unisa.it-020924-didattica-anno=2022&id=507092&cId=10002-2017&pId=A9-A-H-S1.html
N/D;errore;doc40883_depth5_docenti.unisa.it-020924-didattica-anno=2022&id=507092&cId=10002-2017&pId=A9-I-Z-S1.html
N/D;errore;doc40900_depth5_docenti.unisa.it-020924-didattica-anno=2022&id=507092&cId=10000-2017&pId=A9-I-Z-S1.html
N/D;errore;doc40911_depth5_docenti.unisa.it-020924-didattica-anno=2022&id=507092&cId=10000-2017&pId=A9-A-H-S1.html
N/D;errore;doc40935_depth5_docenti.unisa.it-020924-didattica-anno=2024&id=507092&cId=10001-2022&pId=A9-I-Z-S1.html
N/D;errore;doc40953_depth5_docenti.unisa.it-020924-didattica-anno=2024&id=507092&cId=10001-2022&pId=A9-A-H-S1.html
N/D;errore;doc40959_depth5_docenti.unisa.it-020924-didattica-anno=2022&id=507092&cId=10001-2017&pId=A9-I-Z-S1.html
N/D;errore;doc40963_depth5_docenti.unisa.it-020924-didattica-anno=2022&id=507092&cId=10001-2017&pId=A9-A-H-S1.html
N/D;errore;doc40993_depth5_docenti.unisa.it-020924-didattica-anno=2024&id=507092&cId=10000-2022&pId=A9-A-H-S1.html
N/D;errore;doc41026_depth5_docenti.unisa.it-020924-didattica-anno=2023&id=507092&cId=10001-2022&pId=A9-I-Z-S1.html
N/D;errore;doc41032_depth5_docenti.unisa.it-020924-didattica-anno=2023&id=507092&cId=10001-2022&pId=A9-A-H-S1.html
N/D;errore;doc41040_depth5_docenti.unisa.it-020924-didattica-anno=2023&id=507092&cId=10000-2022&pId=A9-A-H-S1.html
N/D;errore;doc41048_depth5_docenti.unisa.it-020924-didattica-anno=2023&id=507092&cId=10000-2022&pId=A9-I-Z-S1.html
N/D;errore;doc41049_depth5_docenti.unisa.it-020924-didattica-anno=2024&id=507092&cId=10000-2022&pId=A9-I-Z-S1.html
N/D;errore;doc41342_depth5_docenti.unisa.it-026200-didattica-anno=2020&id=513417&cId=10006-2017&pId=A9-A-H-S2.html
N/D;errore;doc41362_depth5_docenti.unisa.it-026200-didattica-anno=2020&id=513444&cId=10000-2018&pId=A9-A-H-S2.html
N/D;errore;doc41376_depth5_docenti.unisa.it-026200-en-research-projects-tip=6&ruolo=componente&stato=0.html
N/D;errore;doc41378_depth5_docenti.unisa.it-026200-en-research-projects-tip=6&ruolo=tutti&stato=0.html
N/D;404, pagina non trovata;doc4156_depth2_corsi.unisa.it-ingegneria-informatica-attivita-e-servizi-0650106200800001-contatti.html
N/D;errore;doc41594_depth5_docenti.unisa.it-005630-didattica-anno=2024&id=512136&cId=10001-2022&pId=A9-I-Z-S1.html
N/D;errore;doc41600_depth5_docenti.unisa.it-005630-didattica-anno=2024&id=512136&cId=10002-2022&pId=A9-A-H-S1.html
N/D;errore;doc41615_depth5_docenti.unisa.it-005630-didattica-anno=2024&id=512136&cId=10000-2022&pId=A9-A-H-S1.html
N/D;errore;doc41621_depth5_docenti.unisa.it-005630-didattica-anno=2024&id=512136&cId=10000-2022&pId=A9-I-Z-S1.html
N/D;errore;doc41635_depth5_docenti.unisa.it-005630-didattica-anno=2024&id=512136&cId=10002-2022&pId=A9-I-Z-S1.html
N/D;errore;doc41634_depth5_docenti.unisa.it-005630-didattica-anno=2024&id=512136&cId=10001-2022&pId=A9-A-H-S1.html
N/D;errore;doc41647_depth5_docenti.unisa.it-005630-didattica-anno=2024&id=512136&cId=10005-2022&pId=A9-I-Z-S1.html
N/D;errore;doc41659_depth5_docenti.unisa.it-005630-didattica-anno=2024&id=512136&cId=10005-2022&pId=A9-A-H-S1.html
N/D;errore;doc4166_depth2_docenti.unisa.it-022852-didattica-anno=2025&id=507092.html
N/D;errore;doc41670_depth5_docenti.unisa.it-005630-didattica-anno=2024&id=512136&cId=10003-2022&pId=A9-I-Z-S1.html
N/D;errore;doc41693_depth5_docenti.unisa.it-005630-didattica-anno=2024&id=512136&cId=10003-2022&pId=A9-A-H-S1.html
N/D;errore;doc41695_depth5_docenti.unisa.it-005630-didattica-anno=2022&id=512136&cId=10002-2022&pId=A9-A-H-S2.html
N/D;errore;doc41715_depth5_docenti.unisa.it-005630-didattica-anno=2022&id=512136&cId=10001-2022&pId=A9-A-H-S2.html
N/D;errore;doc41734_depth5_docenti.unisa.it-005630-didattica-anno=2022&id=512136&cId=10002-2022&pId=A9-I-Z-S2.html
N/D;errore;doc41731_depth5_docenti.unisa.it-005630-didattica-anno=2022&id=512136&cId=10001-2022&pId=A9-I-Z-S2.html
N/D;errore;doc41741_depth5_docenti.unisa.it-005630-didattica-anno=2021&id=512136&cId=10003-2017&pId=A9-A-H-S2.html
N/D;errore;doc41752_depth5_docenti.unisa.it-005630-didattica-anno=2022&id=512136&cId=10005-2022&pId=A9-A-H-S2.html
N/D;errore;doc41756_depth5_docenti.unisa.it-005630-didattica-anno=2020&id=512136&cId=10008-2017&pId=A9-I-Z-S2.html
N/D;nessun contenuto;doc4174_depth2_www.diem.unisa.it-dipartimento-commissioni-dettaglio=897.html
N/D;errore;doc41751_depth5_docenti.unisa.it-005630-didattica-anno=2021&id=512136&cId=10010-2017&pId=A9-A-H-S2.html
N/D;errore;doc41760_depth5_docenti.unisa.it-005630-didattica-anno=2022&id=512136&cId=10000-2022&pId=A9-I-Z-S2.html
N/D;errore;doc41759_depth5_docenti.unisa.it-005630-didattica-anno=2020&id=512136&cId=10007-2017&pId=A9-A-H-S2.html
N/D;errore;doc41744_depth5_docenti.unisa.it-005630-didattica-anno=2021&id=512136&cId=10012-2017&pId=A9-I-Z-S2.html
N/D;errore;doc41758_depth5_docenti.unisa.it-005630-didattica-anno=2021&id=512136&cId=10002-2017&pId=A9-A-H-S2.html
N/D;errore;doc41761_depth5_docenti.unisa.it-005630-didattica-anno=2020&id=512136&cId=10002-2017&pId=A9-I-Z-S2.html
N/D;errore;doc41762_depth5_docenti.unisa.it-005630-didattica-anno=2021&id=512136&cId=10007-2017&pId=A9-A-H-S2.html
N/D;errore;doc41763_depth5_docenti.unisa.it-005630-didattica-anno=2020&id=512136&cId=10002-2017&pId=A9-A-H-S2.html
N/D;errore;doc41764_depth5_docenti.unisa.it-005630-didattica-anno=2020&id=512136&cId=10006-2017&pId=A9-A-H-S2.html
N/D;errore;doc41768_depth5_docenti.unisa.it-005630-didattica-anno=2021&id=512136&cId=10012-2017&pId=A9-A-H-S2.html
N/D;errore;doc41765_depth5_docenti.unisa.it-005630-didattica-anno=2020&id=512136&cId=10005-2017&pId=A9-I-Z-S2.html
N/D;errore;doc41774_depth5_docenti.unisa.it-005630-didattica-anno=2020&id=512136&cId=10007-2017&pId=A9-I-Z-S2.html
N/D;errore;doc41776_depth5_docenti.unisa.it-005630-didattica-anno=2021&id=512136&cId=10011-2017&pId=A9-I-Z-S2.html
N/D;errore;doc41778_depth5_docenti.unisa.it-005630-didattica-anno=2021&id=512136&cId=10006-2017&pId=A9-A-H-S2.html
N/D;errore;doc41783_depth5_docenti.unisa.it-005630-didattica-anno=2021&id=512136&cId=10010-2017&pId=A9-I-Z-S2.html
N/D;errore;doc41788_depth5_docenti.unisa.it-005630-didattica-anno=2021&id=512136&cId=10004-2017&pId=A9-A-H-S2.html
N/D;errore;doc41787_depth5_docenti.unisa.it-005630-didattica-anno=2022&id=512136&cId=10000-2022&pId=A9-A-H-S2.html
N/D;errore;doc41791_depth5_docenti.unisa.it-005630-didattica-anno=2021&id=512136&cId=10008-2017&pId=A9-I-Z-S2.html
N/D;errore;doc41796_depth5_docenti.unisa.it-005630-didattica-anno=2021&id=512136&cId=10003-2017&pId=A9-I-Z-S2.html
N/D;errore;doc41795_depth5_docenti.unisa.it-005630-didattica-anno=2021&id=512136&cId=10009-2017&pId=A9-I-Z-S2.html
N/D;errore;doc41806_depth5_docenti.unisa.it-005630-didattica-anno=2021&id=512136&cId=10002-2017&pId=A9-I-Z-S2.html
N/D;errore;doc41807_depth5_docenti.unisa.it-005630-didattica-anno=2021&id=512136&cId=10008-2017&pId=A9-A-H-S2.html
N/D;errore;doc41809_depth5_docenti.unisa.it-005630-didattica-anno=2021&id=512136&cId=10007-2017&pId=A9-I-Z-S2.html
N/D;errore;doc41805_depth5_docenti.unisa.it-005630-didattica-anno=2021&id=512136&cId=10004-2017&pId=A9-I-Z-S2.html
N/D;errore;doc41811_depth5_docenti.unisa.it-005630-didattica-anno=2021&id=512136&cId=10006-2017&pId=A9-I-Z-S2.html
N/D;errore;doc41798_depth5_docenti.unisa.it-005630-didattica-anno=2021&id=512136&cId=10009-2017&pId=A9-A-H-S2.html
N/D;errore;doc41819_depth5_docenti.unisa.it-005630-didattica-anno=2020&id=512136&cId=10003-2017&pId=A9-I-Z-S2.html
N/D;errore;doc41816_depth5_docenti.unisa.it-005630-didattica-anno=2020&id=512136&cId=10003-2017&pId=A9-A-H-S2.html
N/D;errore;doc41815_depth5_docenti.unisa.it-005630-didattica-anno=2022&id=512136&cId=10003-2022&pId=A9-I-Z-S2.html
N/D;errore;doc41820_depth5_docenti.unisa.it-005630-didattica-anno=2022&id=512136&cId=10003-2022&pId=A9-A-H-S2.html
N/D;errore;doc41823_depth5_docenti.unisa.it-005630-didattica-anno=2021&id=512136&cId=10005-2017&pId=A9-A-H-S2.html
N/D;errore;doc41828_depth5_docenti.unisa.it-005630-didattica-anno=2020&id=512136&cId=10008-2017&pId=A9-A-H-S2.html
N/D;errore;doc41826_depth5_docenti.unisa.it-005630-didattica-anno=2021&id=512136&cId=10011-2017&pId=A9-A-H-S2.html
N/D;errore;doc41832_depth5_docenti.unisa.it-005630-didattica-anno=2021&id=512136&cId=10005-2017&pId=A9-I-Z-S2.html
N/D;errore;doc41835_depth5_docenti.unisa.it-005630-didattica-anno=2020&id=512136&cId=10005-2017&pId=A9-A-H-S2.html
N/D;errore;doc41833_depth5_docenti.unisa.it-005630-didattica-anno=2020&id=512136&cId=10006-2017&pId=A9-I-Z-S2.html
N/D;errore;doc41834_depth5_docenti.unisa.it-005630-didattica-anno=2020&id=512136&cId=10009-2017&pId=A9-A-H-S2.html
N/D;errore;doc41838_depth5_docenti.unisa.it-005630-didattica-anno=2020&id=512136&cId=10004-2017&pId=A9-I-Z-S2.html
N/D;errore;doc41831_depth5_docenti.unisa.it-005630-didattica-anno=2022&id=512136&cId=10005-2022&pId=A9-I-Z-S2.html
N/D;errore;doc41836_depth5_docenti.unisa.it-005630-didattica-anno=2020&id=512136&cId=10009-2017&pId=A9-I-Z-S2.html
N/D;errore;doc41837_depth5_docenti.unisa.it-005630-didattica-anno=2020&id=512136&cId=10004-2017&pId=A9-A-H-S2.html
N/D;errore;doc41844_depth5_docenti.unisa.it-005630-didattica-anno=2023&id=512136&cId=10003-2022&pId=A9-I-Z-S2.html
N/D;errore;doc41843_depth5_docenti.unisa.it-005630-didattica-anno=2023&id=512136&cId=10005-2022&pId=A9-A-H-S2.html
N/D;errore;doc41848_depth5_docenti.unisa.it-005630-didattica-anno=2023&id=512136&cId=10001-2022&pId=A9-A-H-S2.html
N/D;errore;doc41851_depth5_docenti.unisa.it-005630-didattica-anno=2020&id=512136&cId=10012-2017&pId=A9-I-Z-S2.html
N/D;errore;doc41853_depth5_docenti.unisa.it-005630-didattica-anno=2023&id=512136&cId=10005-2022&pId=A9-I-Z-S2.html
N/D;errore;doc41858_depth5_docenti.unisa.it-005630-didattica-anno=2023&id=512136&cId=10002-2022&pId=A9-I-Z-S2.html
N/D;errore;doc41841_depth5_docenti.unisa.it-005630-didattica-anno=2023&id=512136&cId=10003-2022&pId=A9-A-H-S2.html
N/D;errore;doc41859_depth5_docenti.unisa.it-005630-didattica-anno=2023&id=512136&cId=10002-2022&pId=A9-A-H-S2.html
N/D;errore;doc41847_depth5_docenti.unisa.it-005630-didattica-anno=2023&id=512136&cId=10001-2022&pId=A9-I-Z-S2.html
N/D;errore;doc41878_depth5_docenti.unisa.it-005630-didattica-anno=2020&id=512136&cId=10012-2017&pId=A9-A-H-S2.html
N/D;errore;doc41891_depth5_docenti.unisa.it-005630-didattica-anno=2020&id=512136&cId=10010-2017&pId=A9-A-H-S2.html
N/D;errore;doc41874_depth5_docenti.unisa.it-005630-didattica-anno=2020&id=512136&cId=10011-2017&pId=A9-A-H-S2.html
N/D;errore;doc41868_depth5_docenti.unisa.it-005630-didattica-anno=2023&id=512136&cId=10000-2022&pId=A9-A-H-S2.html
N/D;errore;doc41867_depth5_docenti.unisa.it-005630-didattica-anno=2023&id=512136&cId=10000-2022&pId=A9-I-Z-S2.html
N/D;errore;doc41866_depth5_docenti.unisa.it-005630-didattica-anno=2020&id=512136&cId=10010-2017&pId=A9-I-Z-S2.html
N/D;404, pagina non trovata;doc4192_depth2_corsi.unisa.it-ingegneria-informatica-didattica-0650106200800001-contatti.html
N/D;errore;doc42002_depth5_docenti.unisa.it-005630-didattica-anno=2020&id=512136&cId=10011-2017&pId=A9-I-Z-S2.html
N/D;404, pagina non trovata;doc42151_depth5_www.diem.unisa.it-home-uploads-rescue-504-11556-dcb-tut2023-dis04-all.-1-curriculum-vitae.rtf.html
N/D;404, pagina non trovata;doc42166_depth5_www.diem.unisa.it-home-uploads-rescue-504-11360-all.-1-bando-dcb-tut2023.rtf.html
N/D;nessun contenuto;doc4223_depth2_www.diem.unisa.it-dipartimento-commissioni-dettaglio=932.html
N/D;errore;doc42246_depth5_www.diem.unisa.it-home-bandi-anno=2022&modulo=316&bando=9881.html
N/D;errore;doc42240_depth5_www.diem.unisa.it-home-bandi-anno=2022&modulo=316&bando=9875.html
N/D;errore;doc42252_depth5_www.diem.unisa.it-home-bandi-anno=2022&modulo=316&bando=9878.html
N/D;errore;doc42487_depth5_www.diem.unisa.it-home-bandi-anno=2023&modulo=316&bando=9878.html
N/D;errore;doc42492_depth5_www.diem.unisa.it-home-bandi-anno=2023&modulo=316&bando=9875.html
N/D;errore;doc42499_depth5_www.diem.unisa.it-home-bandi-anno=2023&modulo=316&bando=9881.html
N/D;404, pagina non trovata;doc4296_depth2_corsi.unisa.it-ingegneria-informatica-didattica-0650106200800001-didattica-orari.html
N/D;404, pagina non trovata;doc4644_depth2_corsi.unisa.it-ingegneria-informatica-en-0650106200800001-contatti.html
N/D;404, pagina non trovata;doc46935_depth5_www.diem.unisa.it-home-uploads-rescue-139-30-Bando%20-%20Diritto%20pubblico%20e%20privato,%20Storia%20economica,%20Economia%20dei%20settori%20industri.html
N/D;errore;doc4693_depth2_docenti.unisa.it-003735-didattica-anno=2025&id=521532.html
N/D;errore;doc4696_depth2_docenti.unisa.it-003735-didattica-anno=2025&id=521920.html
N/D;404, pagina non trovata;doc47668_depth5_www.diem.unisa.it-home-uploads-rescue-505-3982-all.-1-al-bando-c.v.-(1).rtf.html
N/D;404, pagina non trovata;doc47669_depth5_www.diem.unisa.it-home-uploads-rescue-505-4024-all.-1-bando-tutorato-.rtf.html
N/D;404, pagina non trovata;doc47831_depth5_www.diem.unisa.it-home-uploads-rescue-505-7659-all.-1-bando-dcb-ht-2022-ctr01.rtf.html
N/D;404, pagina non trovata;doc47836_depth5_www.diem.unisa.it-home-uploads-rescue-505-8228-dcb-tut2022-adi01-all.-1-bando.rtf.html
N/D;404, pagina non trovata;doc47892_depth5_www.diem.unisa.it-home-uploads-rescue-505-6148-all.-1-bando-dcb-ht2021-as02-.rtf.html
N/D;404;doc47885_depth5_www.diem.unisa.it-home-bandi-anno=2021&modulo=505&bando=5446.html
N/D;404, pagina non trovata;doc47911_depth5_www.diem.unisa.it-home-uploads-rescue-505-5731-bando-dcb-tut2021-adi01-all.-1.rtf.html
N/D;404, pagina non trovata;doc47932_depth5_www.diem.unisa.it-home-uploads-rescue-505-5089-allegato-1-bando-dcb-ht2021-as01-.rtf.html
N/D;404, pagina non trovata;doc47938_depth5_www.diem.unisa.it-home-uploads-rescue-505-6166-all.-1-bando-dcb-ht2021-ctr02-.rtf.html
N/D;404, pagina non trovata;doc47971_depth5_www.diem.unisa.it-home-uploads-rescue-505-5155-all.-1-bando.-dcb-ht2021-ctr01.rtf.html
N/D;404, pagina non trovata;doc48252_depth5_www.diem.unisa.it-home-uploads-rescue-505-11480-all.-1-.rtf.html
N/D;404, pagina non trovata;doc48253_depth5_www.diem.unisa.it-home-uploads-rescue-505-11363-all.-1-bando-dcb-tut2023.rtf.html
N/D;404, pagina non trovata;doc48254_depth5_www.diem.unisa.it-home-uploads-rescue-505-9992-dcb-ht2023-ctr01-all.-1-curriculum-vitae.rtf.html
N/D;404, pagina non trovata;doc48266_depth5_www.diem.unisa.it-home-uploads-rescue-505-11733-all.1-dcb-ht2023-ctr03.rtf.html
N/D;404, pagina non trovata;doc48271_depth5_www.diem.unisa.it-home-uploads-rescue-505-11557-dcb-tut2023-dis04-all.-1-curriculum-vitae.rtf.html
N/D;404, pagina non trovata;doc48276_depth5_www.diem.unisa.it-home-uploads-rescue-505-11750-dcb-tut2023-dis05-all.-1-curriculum-vitae.rtf.html
N/D;404, pagina non trovata;doc48275_depth5_www.diem.unisa.it-home-uploads-rescue-505-11561-all.-1-bando-dcb-tut2023.rtf.html
N/D;404, pagina non trovata;doc48279_depth5_www.diem.unisa.it-home-uploads-rescue-505-9983-dcb-ht2023-as01-all.-1-curriculum-vitae.rtf.html
N/D;404, pagina non trovata;doc48297_depth5_www.diem.unisa.it-home-uploads-rescue-505-11717-all.1-dcb-ht2023-as04.rtf.html
N/D;404, pagina non trovata;doc48395_depth5_www.diem.unisa.it-home-uploads-rescue-505-12272-all.1-dcb-ht2024-ctr01.rtf.html
N/D;404, pagina non trovata;doc48401_depth5_www.diem.unisa.it-home-uploads-rescue-505-12304-all.-1-curriculum-vitae.rtf.html
N/D;404, pagina non trovata;doc48414_depth5_www.diem.unisa.it-home-uploads-rescue-505-12258-all.-1-curriculum-vitae.rtf.html
N/D;404, pagina non trovata;doc48763_depth5_corsi.unisa.it-information-Engineering-for-digital-medicine-en-teaching-0650107303300003-contatti.html
N/D;404, pagina non trovata;doc48769_depth5_corsi.unisa.it-information-Engineering-for-digital-medicine-en-activities-and-services-0650107303300003-contatti.html
N/D;404, pagina non trovata;doc48772_depth5_corsi.unisa.it-information-Engineering-for-digital-medicine-en-teaching-0650107303300003-en-teaching-lessons-timetable.html
N/D;404, pagina non trovata;doc48817_depth5_corsi.unisa.it-information-Engineering-for-digital-medicine-0650107303300003-contatti.html
N/D;errore;doc48908_depth5_www.diem.unisa.it-en-research-projects-tip=6&stato=0.html
N/D;forbidden;doc48928_depth5_docenti.unisa.it-026557-en-teaching-anno=2024&id=516031&cId=10000-2022.html
N/D;forbidden;doc48946_depth5_docenti.unisa.it-026557-en-teaching-anno=2023&id=516031&cId=10001-2022.html
N/D;forbidden;doc48967_depth5_docenti.unisa.it-026557-en-teaching-anno=2023&id=516031&cId=10000-2022.html
N/D;forbidden;doc48974_depth5_docenti.unisa.it-026557-en-teaching-anno=2024&id=516031&cId=10001-2022.html
N/D;forbidden;doc49124_depth5_docenti.unisa.it-026557-en-teaching-anno=2022&id=516031&cId=10001-2022.html
N/D;forbidden;doc49151_depth5_docenti.unisa.it-026557-en-teaching-anno=2022&id=516031&cId=10000-2022.html
N/D;errore;doc49677_depth5_docenti.unisa.it-045640-didattica-anno=2023&id=512136&cId=10003-2022&pId=A9-I-Z-S2.html
N/D;errore;doc49688_depth5_docenti.unisa.it-045640-didattica-anno=2023&id=512136&cId=10003-2022&pId=A9-A-H-S2.html
N/D;errore;doc49699_depth5_docenti.unisa.it-045640-didattica-anno=2024&id=512136&cId=10003-2022&pId=A9-I-Z-S1.html
N/D;errore;doc49705_depth5_docenti.unisa.it-045640-didattica-anno=2024&id=512136&cId=10003-2022&pId=A9-A-H-S1.html
N/D;errore;doc49721_depth5_docenti.unisa.it-045640-didattica-anno=2022&id=512136&cId=10003-2022&pId=A9-I-Z-S2.html
N/D;errore;doc49719_depth5_docenti.unisa.it-045640-didattica-anno=2022&id=512136&cId=10002-2022&pId=A9-A-H-S2.html
N/D;errore;doc49724_depth5_docenti.unisa.it-045640-didattica-anno=2022&id=512136&cId=10003-2022&pId=A9-A-H-S2.html
N/D;errore;doc49736_depth5_docenti.unisa.it-045640-didattica-anno=2022&id=512136&cId=10001-2022&pId=A9-A-H-S2.html
N/D;errore;doc49741_depth5_docenti.unisa.it-045640-didattica-anno=2022&id=512136&cId=10001-2022&pId=A9-I-Z-S2.html
N/D;errore;doc49745_depth5_docenti.unisa.it-045640-didattica-anno=2022&id=512136&cId=10002-2022&pId=A9-I-Z-S2.html
N/D;errore;doc49749_depth5_docenti.unisa.it-045640-didattica-anno=2023&id=512136&cId=10005-2022&pId=A9-A-H-S2.html
N/D;errore;doc49751_depth5_docenti.unisa.it-045640-didattica-anno=2023&id=512136&cId=10005-2022&pId=A9-I-Z-S2.html
N/D;errore;doc49765_depth5_docenti.unisa.it-045640-didattica-anno=2023&id=512136&cId=10002-2022&pId=A9-A-H-S2.html
N/D;errore;doc49766_depth5_docenti.unisa.it-045640-didattica-anno=2023&id=512136&cId=10000-2022&pId=A9-A-H-S2.html
N/D;errore;doc49768_depth5_docenti.unisa.it-045640-didattica-anno=2023&id=512136&cId=10002-2022&pId=A9-I-Z-S2.html
N/D;errore;doc49767_depth5_docenti.unisa.it-045640-didattica-anno=2024&id=512136&cId=10001-2022&pId=A9-A-H-S1.html
N/D;errore;doc49778_depth5_docenti.unisa.it-045640-didattica-anno=2023&id=512136&cId=10000-2022&pId=A9-I-Z-S2.html
N/D;errore;doc49783_depth5_docenti.unisa.it-045640-didattica-anno=2022&id=512136&cId=10005-2022&pId=A9-I-Z-S2.html
N/D;errore;doc49779_depth5_docenti.unisa.it-045640-didattica-anno=2024&id=512136&cId=10000-2022&pId=A9-I-Z-S1.html
N/D;errore;doc49781_depth5_docenti.unisa.it-045640-didattica-anno=2024&id=512136&cId=10002-2022&pId=A9-I-Z-S1.html
N/D;errore;doc49784_depth5_docenti.unisa.it-045640-didattica-anno=2023&id=512136&cId=10001-2022&pId=A9-A-H-S2.html
N/D;errore;doc49789_depth5_docenti.unisa.it-045640-didattica-anno=2024&id=512136&cId=10005-2022&pId=A9-A-H-S1.html
N/D;errore;doc49791_depth5_docenti.unisa.it-045640-didattica-anno=2024&id=512136&cId=10002-2022&pId=A9-A-H-S1.html
N/D;errore;doc49794_depth5_docenti.unisa.it-045640-didattica-anno=2022&id=512136&cId=10000-2022&pId=A9-I-Z-S2.html
N/D;errore;doc49802_depth5_docenti.unisa.it-045640-didattica-anno=2022&id=512136&cId=10000-2022&pId=A9-A-H-S2.html
N/D;errore;doc49799_depth5_docenti.unisa.it-045640-didattica-anno=2024&id=512136&cId=10000-2022&pId=A9-A-H-S1.html
N/D;errore;doc49807_depth5_docenti.unisa.it-045640-didattica-anno=2023&id=512136&cId=10001-2022&pId=A9-I-Z-S2.html
N/D;errore;doc49815_depth5_docenti.unisa.it-045640-didattica-anno=2024&id=512136&cId=10001-2022&pId=A9-I-Z-S1.html
N/D;errore;doc49832_depth5_docenti.unisa.it-045640-didattica-anno=2024&id=512136&cId=10005-2022&pId=A9-I-Z-S1.html
N/D;errore;doc49842_depth5_docenti.unisa.it-045640-didattica-anno=2022&id=512136&cId=10005-2022&pId=A9-A-H-S2.html
N/D;errore;doc50178_depth5_docenti.unisa.it-005199-didattica-anno=2020&id=513417&cId=10006-2017&pId=A9-A-H-S2.html
N/D;errore;doc50196_depth5_docenti.unisa.it-005199-didattica-anno=2020&id=505767&cId=10002-2017&pId=A9-I-Z-S1.html
N/D;errore;doc50199_depth5_docenti.unisa.it-005199-didattica-anno=2020&id=505767&cId=10000-2017&pId=A9-I-Z-S1.html
N/D;errore;doc50202_depth5_docenti.unisa.it-005199-didattica-anno=2020&id=513444&cId=10000-2018&pId=A9-A-H-S2.html
N/D;errore;doc50216_depth5_docenti.unisa.it-005199-didattica-anno=2020&id=505767&cId=10001-2017&pId=A9-A-H-S1.html
N/D;errore;doc50219_depth5_docenti.unisa.it-005199-didattica-anno=2020&id=505767&cId=10000-2017&pId=A9-A-H-S1.html
N/D;errore;doc50231_depth5_docenti.unisa.it-005199-didattica-anno=2020&id=505767&cId=10001-2017&pId=A9-I-Z-S1.html
N/D;errore;doc50246_depth5_docenti.unisa.it-005199-didattica-anno=2020&id=505767&cId=10002-2017&pId=A9-A-H-S1.html
N/D;errore;doc50267_depth5_docenti.unisa.it-005199-didattica-anno=2024&id=518949&cId=10000-2022&pId=A9-I-Z-S1.html
N/D;errore;doc50270_depth5_docenti.unisa.it-005199-didattica-anno=2024&id=518949&cId=10001-2022&pId=A9-I-Z-S1.html
N/D;errore;doc50282_depth5_docenti.unisa.it-005199-didattica-anno=2024&id=518949&cId=10005-2022&pId=A9-I-Z-S1.html
N/D;errore;doc50286_depth5_docenti.unisa.it-005199-didattica-anno=2024&id=518949&cId=10005-2022&pId=A9-A-H-S1.html
N/D;errore;doc50294_depth5_docenti.unisa.it-005199-didattica-anno=2024&id=518949&cId=10000-2022&pId=A9-A-H-S1.html
N/D;errore;doc50296_depth5_docenti.unisa.it-005199-didattica-anno=2024&id=518949&cId=10002-2022&pId=A9-I-Z-S1.html
N/D;errore;doc50313_depth5_docenti.unisa.it-005199-didattica-anno=2024&id=518949&cId=10002-2022&pId=A9-A-H-S1.html
N/D;errore;doc50323_depth5_docenti.unisa.it-005199-didattica-anno=2024&id=518949&cId=10001-2022&pId=A9-A-H-S1.html
N/D;errore;doc50302_depth5_docenti.unisa.it-005199-didattica-anno=2024&id=518949&cId=10003-2022&pId=A9-I-Z-S1.html
N/D;errore;doc50348_depth5_docenti.unisa.it-005199-didattica-anno=2024&id=518949&cId=10003-2022&pId=A9-A-H-S1.html
N/D;404;doc5044_depth2_docenti.unisa.it-001295-ricerca-pubblicazioni-anno=1992.html
N/D;404;doc5049_depth2_docenti.unisa.it-001295-ricerca-pubblicazioni-anno=2012.html
N/D;errore;doc50496_depth5_docenti.unisa.it-005199-en-research-projects-tip=6&ruolo=tutti&stato=0.html
N/D;errore;doc50505_depth5_docenti.unisa.it-058553-didattica-anno=2022&id=513445&cId=10000-2022&pId=A9-A-H-S2.html
N/D;errore;doc50506_depth5_docenti.unisa.it-058553-didattica-anno=2021&id=513421&cId=10000-2018&pId=A9-A-H-S2.html
N/D;errore;doc50511_depth5_docenti.unisa.it-058553-didattica-anno=2022&id=513445&cId=10001-2022&pId=A9-I-Z-S2.html
N/D;errore;doc50530_depth5_docenti.unisa.it-058553-didattica-anno=2022&id=513445&cId=10002-2022&pId=A9-I-Z-S2.html
N/D;errore;doc50512_depth5_docenti.unisa.it-058553-didattica-anno=2021&id=513445&cId=10002-2017&pId=A9-A-H-S2.html
N/D;errore;doc50515_depth5_docenti.unisa.it-058553-didattica-anno=2022&id=513445&cId=10005-2022&pId=A9-A-H-S2.html
N/D;errore;doc50522_depth5_docenti.unisa.it-058553-didattica-anno=2022&id=513445&cId=10005-2022&pId=A9-I-Z-S2.html
N/D;errore;doc50523_depth5_docenti.unisa.it-058553-didattica-anno=2023&id=513445&cId=10002-2022&pId=A9-I-Z-S2.html
N/D;errore;doc50526_depth5_docenti.unisa.it-058553-didattica-anno=2021&id=513445&cId=10009-2017&pId=A9-A-H-S2.html
N/D;errore;doc50529_depth5_docenti.unisa.it-058553-didattica-anno=2023&id=513445&cId=10002-2022&pId=A9-A-H-S2.html
N/D;errore;doc50528_depth5_docenti.unisa.it-058553-didattica-anno=2022&id=516030&cId=10000-2022&pId=A9-I-Z-S2.html
N/D;errore;doc50534_depth5_docenti.unisa.it-058553-didattica-anno=2021&id=513445&cId=10002-2017&pId=A9-I-Z-S2.html
N/D;errore;doc50531_depth5_docenti.unisa.it-058553-didattica-anno=2022&id=513445&cId=10003-2022&pId=A9-I-Z-S2.html
N/D;errore;doc50535_depth5_docenti.unisa.it-058553-didattica-anno=2022&id=513445&cId=10001-2022&pId=A9-A-H-S2.html
N/D;errore;doc50537_depth5_docenti.unisa.it-058553-didattica-anno=2021&id=513421&cId=10000-2018&pId=A9-I-Z-S2.html
N/D;errore;doc50540_depth5_docenti.unisa.it-058553-didattica-anno=2021&id=513445&cId=10010-2017&pId=A9-I-Z-S2.html
N/D;errore;doc50541_depth5_docenti.unisa.it-058553-didattica-anno=2021&id=513445&cId=10009-2017&pId=A9-I-Z-S2.html
N/D;errore;doc50543_depth5_docenti.unisa.it-058553-didattica-anno=2021&id=513445&cId=10003-2017&pId=A9-A-H-S2.html
N/D;errore;doc50549_depth5_docenti.unisa.it-058553-didattica-anno=2023&id=516030&cId=10000-2022&pId=A9-A-H-S2.html
N/D;errore;doc50544_depth5_docenti.unisa.it-058553-didattica-anno=2023&id=513445&cId=10000-2022&pId=A9-I-Z-S2.html
N/D;errore;doc50542_depth5_docenti.unisa.it-058553-didattica-anno=2022&id=513445&cId=10002-2022&pId=A9-A-H-S2.html
N/D;errore;doc50546_depth5_docenti.unisa.it-058553-didattica-anno=2021&id=513445&cId=10010-2017&pId=A9-A-H-S2.html
N/D;errore;doc50545_depth5_docenti.unisa.it-058553-didattica-anno=2023&id=513445&cId=10001-2022&pId=A9-A-H-S2.html
N/D;errore;doc50554_depth5_docenti.unisa.it-058553-didattica-anno=2021&id=513445&cId=10004-2017&pId=A9-I-Z-S2.html
N/D;errore;doc50558_depth5_docenti.unisa.it-058553-didattica-anno=2023&id=513445&cId=10005-2022&pId=A9-A-H-S2.html
N/D;errore;doc50553_depth5_docenti.unisa.it-058553-didattica-anno=2021&id=513445&cId=10008-2017&pId=A9-I-Z-S2.html
N/D;errore;doc50551_depth5_docenti.unisa.it-058553-didattica-anno=2022&id=516030&cId=10000-2022&pId=A9-A-H-S2.html
N/D;errore;doc50555_depth5_docenti.unisa.it-058553-didattica-anno=2021&id=513445&cId=10008-2017&pId=A9-A-H-S2.html
N/D;errore;doc50559_depth5_docenti.unisa.it-058553-didattica-anno=2021&id=513445&cId=10012-2017&pId=A9-I-Z-S2.html
N/D;errore;doc50556_depth5_docenti.unisa.it-058553-didattica-anno=2021&id=513445&cId=10011-2017&pId=A9-I-Z-S2.html
N/D;errore;doc50560_depth5_docenti.unisa.it-058553-didattica-anno=2023&id=513445&cId=10005-2022&pId=A9-I-Z-S2.html
N/D;errore;doc50561_depth5_docenti.unisa.it-058553-didattica-anno=2023&id=513445&cId=10000-2022&pId=A9-A-H-S2.html
N/D;errore;doc50562_depth5_docenti.unisa.it-058553-didattica-anno=2021&id=513445&cId=10004-2017&pId=A9-A-H-S2.html
N/D;errore;doc50564_depth5_docenti.unisa.it-058553-didattica-anno=2023&id=513445&cId=10003-2022&pId=A9-A-H-S2.html
N/D;errore;doc50565_depth5_docenti.unisa.it-058553-didattica-anno=2021&id=513445&cId=10006-2017&pId=A9-I-Z-S2.html
N/D;errore;doc50568_depth5_docenti.unisa.it-058553-didattica-anno=2021&id=513445&cId=10011-2017&pId=A9-A-H-S2.html
N/D;errore;doc50575_depth5_docenti.unisa.it-058553-didattica-anno=2023&id=513445&cId=10003-2022&pId=A9-I-Z-S2.html
N/D;errore;doc50571_depth5_docenti.unisa.it-058553-didattica-anno=2021&id=513445&cId=10006-2017&pId=A9-A-H-S2.html
N/D;errore;doc50577_depth5_docenti.unisa.it-058553-didattica-anno=2021&id=513445&cId=10007-2017&pId=A9-A-H-S2.html
N/D;errore;doc50570_depth5_docenti.unisa.it-058553-didattica-anno=2022&id=513445&cId=10003-2022&pId=A9-A-H-S2.html
N/D;errore;doc50579_depth5_docenti.unisa.it-058553-didattica-anno=2021&id=513445&cId=10007-2017&pId=A9-I-Z-S2.html
N/D;errore;doc50580_depth5_docenti.unisa.it-058553-didattica-anno=2022&id=513445&cId=10000-2022&pId=A9-I-Z-S2.html
N/D;errore;doc50587_depth5_docenti.unisa.it-058553-didattica-anno=2021&id=513445&cId=10003-2017&pId=A9-I-Z-S2.html
N/D;errore;doc50594_depth5_docenti.unisa.it-058553-didattica-anno=2023&id=513445&cId=10001-2022&pId=A9-I-Z-S2.html
N/D;errore;doc50600_depth5_docenti.unisa.it-058553-didattica-anno=2021&id=513445&cId=10005-2017&pId=A9-I-Z-S2.html
N/D;errore;doc50605_depth5_docenti.unisa.it-058553-didattica-anno=2021&id=513445&cId=10012-2017&pId=A9-A-H-S2.html
N/D;errore;doc50602_depth5_docenti.unisa.it-058553-didattica-anno=2021&id=513445&cId=10005-2017&pId=A9-A-H-S2.html
N/D;errore;doc50659_depth5_docenti.unisa.it-005501-didattica-anno=2021&id=513445&cId=10011-2017&pId=A9-A-H-S2.html
N/D;errore;doc50667_depth5_docenti.unisa.it-005501-didattica-anno=2021&id=513445&cId=10002-2017&pId=A9-A-H-S2.html
N/D;errore;doc50671_depth5_docenti.unisa.it-005501-didattica-anno=2021&id=513445&cId=10008-2017&pId=A9-A-H-S2.html
N/D;errore;doc50672_depth5_docenti.unisa.it-005501-didattica-anno=2021&id=513445&cId=10012-2017&pId=A9-I-Z-S2.html
N/D;errore;doc50675_depth5_docenti.unisa.it-005501-didattica-anno=2021&id=513445&cId=10007-2017&pId=A9-A-H-S2.html
N/D;errore;doc50679_depth5_docenti.unisa.it-005501-didattica-anno=2021&id=513445&cId=10012-2017&pId=A9-A-H-S2.html
N/D;errore;doc50685_depth5_docenti.unisa.it-005501-didattica-anno=2021&id=513445&cId=10011-2017&pId=A9-I-Z-S2.html
N/D;errore;doc50687_depth5_docenti.unisa.it-005501-didattica-anno=2021&id=513445&cId=10006-2017&pId=A9-A-H-S2.html
N/D;errore;doc50691_depth5_docenti.unisa.it-005501-didattica-anno=2021&id=513445&cId=10007-2017&pId=A9-I-Z-S2.html
N/D;errore;doc50693_depth5_docenti.unisa.it-005501-didattica-anno=2021&id=513445&cId=10002-2017&pId=A9-I-Z-S2.html
N/D;errore;doc50692_depth5_docenti.unisa.it-005501-didattica-anno=2021&id=513445&cId=10003-2017&pId=A9-A-H-S2.html
N/D;errore;doc50695_depth5_docenti.unisa.it-005501-didattica-anno=2023&id=513445&cId=10000-2022&pId=A9-A-H-S2.html
N/D;errore;doc50694_depth5_docenti.unisa.it-005501-didattica-anno=2023&id=513445&cId=10003-2022&pId=A9-I-Z-S2.html
N/D;errore;doc50697_depth5_docenti.unisa.it-005501-didattica-anno=2023&id=513445&cId=10002-2022&pId=A9-I-Z-S2.html
N/D;errore;doc50696_depth5_docenti.unisa.it-005501-didattica-anno=2021&id=513445&cId=10010-2017&pId=A9-I-Z-S2.html
N/D;errore;doc50698_depth5_docenti.unisa.it-005501-didattica-anno=2021&id=513445&cId=10005-2017&pId=A9-A-H-S2.html
N/D;errore;doc50699_depth5_docenti.unisa.it-005501-didattica-anno=2021&id=513445&cId=10008-2017&pId=A9-I-Z-S2.html
N/D;errore;doc50702_depth5_docenti.unisa.it-005501-didattica-anno=2023&id=513445&cId=10003-2022&pId=A9-A-H-S2.html
N/D;errore;doc50700_depth5_docenti.unisa.it-005501-didattica-anno=2021&id=513445&cId=10009-2017&pId=A9-I-Z-S2.html
N/D;errore;doc50706_depth5_docenti.unisa.it-005501-didattica-anno=2023&id=513445&cId=10001-2022&pId=A9-A-H-S2.html
N/D;errore;doc50704_depth5_docenti.unisa.it-005501-didattica-anno=2023&id=513445&cId=10002-2022&pId=A9-A-H-S2.html
N/D;errore;doc50703_depth5_docenti.unisa.it-005501-didattica-anno=2023&id=513445&cId=10005-2022&pId=A9-A-H-S2.html
N/D;errore;doc50710_depth5_docenti.unisa.it-005501-didattica-anno=2021&id=513445&cId=10006-2017&pId=A9-I-Z-S2.html
N/D;errore;doc50708_depth5_docenti.unisa.it-005501-didattica-anno=2021&id=513445&cId=10004-2017&pId=A9-A-H-S2.html
N/D;errore;doc50717_depth5_docenti.unisa.it-005501-didattica-anno=2021&id=513445&cId=10003-2017&pId=A9-I-Z-S2.html
N/D;errore;doc50718_depth5_docenti.unisa.it-005501-didattica-anno=2021&id=513421&cId=10000-2018&pId=A9-A-H-S2.html
N/D;errore;doc50719_depth5_docenti.unisa.it-005501-didattica-anno=2021&id=513445&cId=10005-2017&pId=A9-I-Z-S2.html
N/D;errore;doc50726_depth5_docenti.unisa.it-005501-didattica-anno=2023&id=513445&cId=10000-2022&pId=A9-I-Z-S2.html
N/D;errore;doc50723_depth5_docenti.unisa.it-005501-didattica-anno=2023&id=516030&cId=10000-2022&pId=A9-A-H-S2.html
N/D;errore;doc50728_depth5_docenti.unisa.it-005501-didattica-anno=2022&id=516030&cId=10000-2022&pId=A9-A-H-S2.html
N/D;errore;doc50730_depth5_docenti.unisa.it-005501-didattica-anno=2021&id=513445&cId=10009-2017&pId=A9-A-H-S2.html
N/D;errore;doc50733_depth5_docenti.unisa.it-005501-didattica-anno=2023&id=513445&cId=10005-2022&pId=A9-I-Z-S2.html
N/D;errore;doc50740_depth5_docenti.unisa.it-005501-didattica-anno=2021&id=513421&cId=10000-2018&pId=A9-I-Z-S2.html
N/D;errore;doc50744_depth5_docenti.unisa.it-005501-didattica-anno=2022&id=516030&cId=10000-2022&pId=A9-I-Z-S2.html
N/D;errore;doc50754_depth5_docenti.unisa.it-005501-didattica-anno=2023&id=513445&cId=10001-2022&pId=A9-I-Z-S2.html
N/D;errore;doc50775_depth5_docenti.unisa.it-005501-didattica-anno=2021&id=513445&cId=10010-2017&pId=A9-A-H-S2.html
N/D;errore;doc50796_depth5_docenti.unisa.it-005501-didattica-anno=2021&id=513445&cId=10004-2017&pId=A9-I-Z-S2.html
N/D;errore;doc50855_depth5_docenti.unisa.it-005501-didattica-anno=2022&id=513445&cId=10003-2022&pId=A9-I-Z-S2.html
N/D;errore;doc50867_depth5_docenti.unisa.it-005501-didattica-anno=2022&id=513445&cId=10003-2022&pId=A9-A-H-S2.html
N/D;errore;doc50866_depth5_docenti.unisa.it-005501-didattica-anno=2022&id=513445&cId=10002-2022&pId=A9-A-H-S2.html
N/D;errore;doc50868_depth5_docenti.unisa.it-005501-didattica-anno=2022&id=513445&cId=10005-2022&pId=A9-A-H-S2.html
N/D;errore;doc50875_depth5_docenti.unisa.it-005501-didattica-anno=2022&id=513445&cId=10001-2022&pId=A9-A-H-S2.html
N/D;errore;doc50872_depth5_docenti.unisa.it-005501-didattica-anno=2022&id=513445&cId=10000-2022&pId=A9-I-Z-S2.html
N/D;errore;doc50881_depth5_docenti.unisa.it-005501-didattica-anno=2022&id=513445&cId=10002-2022&pId=A9-I-Z-S2.html
N/D;errore;doc50890_depth5_docenti.unisa.it-005501-didattica-anno=2022&id=513445&cId=10000-2022&pId=A9-A-H-S2.html
N/D;errore;doc50898_depth5_docenti.unisa.it-005501-didattica-anno=2022&id=513445&cId=10001-2022&pId=A9-I-Z-S2.html
N/D;errore;doc50901_depth5_docenti.unisa.it-005501-didattica-anno=2022&id=513445&cId=10005-2022&pId=A9-I-Z-S2.html
N/D;errore;doc5112_depth2_docenti.unisa.it-005610-didattica-anno=2025&id=515722.html
N/D;errore;doc51137_depth5_docenti.unisa.it-004260-didattica-anno=2023&id=515207&cId=10001-2022&pId=A9-I-Z-S1.html
N/D;errore;doc51140_depth5_docenti.unisa.it-004260-didattica-anno=2023&id=515207&cId=10001-2022&pId=A9-A-H-S1.html
N/D;errore;doc51159_depth5_docenti.unisa.it-004260-didattica-anno=2024&id=515207&cId=10000-2022&pId=A9-I-Z-S1.html
N/D;errore;doc51172_depth5_docenti.unisa.it-004260-didattica-anno=2023&id=515207&cId=10000-2022&pId=A9-A-H-S1.html
N/D;errore;doc51175_depth5_docenti.unisa.it-004260-didattica-anno=2024&id=515207&cId=10000-2022&pId=A9-A-H-S1.html
N/D;errore;doc51173_depth5_docenti.unisa.it-004260-didattica-anno=2024&id=515207&cId=10001-2022&pId=A9-I-Z-S1.html
N/D;errore;doc51187_depth5_docenti.unisa.it-004260-didattica-anno=2024&id=515207&cId=10001-2022&pId=A9-A-H-S1.html
N/D;errore;doc51197_depth5_docenti.unisa.it-004260-didattica-anno=2022&id=515207&cId=10001-2017&pId=A9-A-H-S1.html
N/D;errore;doc51202_depth5_docenti.unisa.it-004260-didattica-anno=2022&id=515207&cId=10000-2017&pId=A9-I-Z-S1.html
N/D;errore;doc51211_depth5_docenti.unisa.it-004260-didattica-anno=2020&id=505767&cId=10001-2017&pId=A9-I-Z-S1.html
N/D;errore;doc51199_depth5_docenti.unisa.it-004260-didattica-anno=2020&id=505767&cId=10000-2017&pId=A9-A-H-S1.html
N/D;errore;doc51204_depth5_docenti.unisa.it-004260-didattica-anno=2020&id=505767&cId=10000-2017&pId=A9-I-Z-S1.html
N/D;errore;doc51208_depth5_docenti.unisa.it-004260-didattica-anno=2023&id=515207&cId=10000-2022&pId=A9-I-Z-S1.html
N/D;errore;doc51210_depth5_docenti.unisa.it-004260-didattica-anno=2022&id=515207&cId=10001-2017&pId=A9-I-Z-S1.html
N/D;errore;doc51216_depth5_docenti.unisa.it-004260-didattica-anno=2020&id=505767&cId=10002-2017&pId=A9-I-Z-S1.html
N/D;errore;doc51212_depth5_docenti.unisa.it-004260-didattica-anno=2020&id=505767&cId=10002-2017&pId=A9-A-H-S1.html
N/D;errore;doc51233_depth5_docenti.unisa.it-004260-didattica-anno=2022&id=515207&cId=10002-2017&pId=A9-I-Z-S1.html
N/D;errore;doc51241_depth5_docenti.unisa.it-004260-didattica-anno=2021&id=513329&cId=10000-2017&pId=A9-I-Z-S2.html
N/D;errore;doc51252_depth5_docenti.unisa.it-004260-didattica-anno=2020&id=505767&cId=10001-2017&pId=A9-A-H-S1.html
N/D;errore;doc51254_depth5_docenti.unisa.it-004260-didattica-anno=2021&id=513329&cId=10000-2017&pId=A9-A-H-S2.html
N/D;errore;doc51259_depth5_docenti.unisa.it-004260-didattica-anno=2021&id=513329&cId=10001-2017&pId=A9-A-H-S2.html
N/D;errore;doc51260_depth5_docenti.unisa.it-022852-didattica-anno=2023&id=507092&cId=10000-2022&pId=A9-I-Z-S1.html
N/D;errore;doc51264_depth5_docenti.unisa.it-004260-en-research-projects-tip=6&ruolo=tutti&stato=0.html
N/D;errore;doc51276_depth5_docenti.unisa.it-022852-didattica-anno=2024&id=507092&cId=10000-2022&pId=A9-A-H-S1.html
N/D;errore;doc51275_depth5_docenti.unisa.it-022852-didattica-anno=2024&id=507092&cId=10001-2022&pId=A9-A-H-S1.html
N/D;errore;doc51271_depth5_docenti.unisa.it-022852-didattica-anno=2024&id=507092&cId=10001-2022&pId=A9-I-Z-S1.html
N/D;errore;doc51283_depth5_docenti.unisa.it-004260-didattica-anno=2022&id=515207&cId=10000-2017&pId=A9-A-H-S1.html
N/D;errore;doc51286_depth5_docenti.unisa.it-022852-didattica-anno=2023&id=507092&cId=10001-2022&pId=A9-A-H-S1.html
N/D;errore;doc51293_depth5_docenti.unisa.it-004260-didattica-anno=2021&id=513329&cId=10002-2017&pId=A9-I-Z-S2.html
N/D;errore;doc51291_depth5_docenti.unisa.it-004260-didattica-anno=2021&id=513329&cId=10002-2017&pId=A9-A-H-S2.html
N/D;errore;doc51297_depth5_docenti.unisa.it-004260-en-research-projects-tip=6&ruolo=componente&stato=0.html
N/D;errore;doc51304_depth5_docenti.unisa.it-004260-didattica-anno=2022&id=515207&cId=10002-2017&pId=A9-A-H-S1.html
N/D;errore;doc51306_depth5_docenti.unisa.it-004260-didattica-anno=2021&id=513329&cId=10001-2017&pId=A9-I-Z-S2.html
N/D;errore;doc51305_depth5_docenti.unisa.it-022852-didattica-anno=2023&id=507092&cId=10001-2022&pId=A9-I-Z-S1.html
N/D;errore;doc51309_depth5_docenti.unisa.it-022852-didattica-anno=2024&id=507092&cId=10000-2022&pId=A9-I-Z-S1.html
N/D;errore;doc51323_depth5_docenti.unisa.it-022852-didattica-anno=2023&id=507092&cId=10000-2022&pId=A9-A-H-S1.html
N/D;errore;doc51341_depth5_docenti.unisa.it-022852-didattica-anno=2022&id=507092&cId=10000-2017&pId=A9-A-H-S1.html
N/D;errore;doc51351_depth5_docenti.unisa.it-022852-didattica-anno=2022&id=507092&cId=10000-2017&pId=A9-I-Z-S1.html
N/D;errore;doc51347_depth5_docenti.unisa.it-022852-didattica-anno=2022&id=507092&cId=10001-2017&pId=A9-A-H-S1.html
N/D;errore;doc51344_depth5_docenti.unisa.it-022852-didattica-anno=2022&id=507092&cId=10001-2017&pId=A9-I-Z-S1.html
N/D;errore;doc51355_depth5_docenti.unisa.it-022852-didattica-anno=2022&id=507092&cId=10002-2017&pId=A9-A-H-S1.html
N/D;errore;doc51371_depth5_docenti.unisa.it-022852-didattica-anno=2022&id=507092&cId=10002-2017&pId=A9-I-Z-S1.html
N/D;errore;doc51910_depth5_docenti.unisa.it-005768-didattica-anno=2022&id=513445&cId=10003-2022&pId=A9-A-H-S2.html
N/D;errore;doc51913_depth5_docenti.unisa.it-005768-didattica-anno=2022&id=513445&cId=10002-2022&pId=A9-A-H-S2.html
N/D;errore;doc51912_depth5_docenti.unisa.it-005768-didattica-anno=2022&id=516030&cId=10000-2022&pId=A9-I-Z-S2.html
N/D;errore;doc51911_depth5_docenti.unisa.it-005768-didattica-anno=2022&id=513445&cId=10001-2022&pId=A9-I-Z-S2.html
N/D;errore;doc51915_depth5_docenti.unisa.it-005768-didattica-anno=2022&id=513445&cId=10002-2022&pId=A9-I-Z-S2.html
N/D;errore;doc51918_depth5_docenti.unisa.it-005768-didattica-anno=2022&id=513445&cId=10003-2022&pId=A9-I-Z-S2.html
N/D;errore;doc51909_depth5_docenti.unisa.it-005768-didattica-anno=2022&id=513445&cId=10005-2022&pId=A9-A-H-S2.html
N/D;errore;doc51919_depth5_docenti.unisa.it-005768-didattica-anno=2022&id=516030&cId=10000-2022&pId=A9-A-H-S2.html
N/D;errore;doc51914_depth5_docenti.unisa.it-005768-didattica-anno=2022&id=513445&cId=10005-2022&pId=A9-I-Z-S2.html
N/D;errore;doc51920_depth5_docenti.unisa.it-005768-didattica-anno=2022&id=513445&cId=10000-2022&pId=A9-I-Z-S2.html
N/D;errore;doc51921_depth5_docenti.unisa.it-005768-didattica-anno=2022&id=513445&cId=10001-2022&pId=A9-A-H-S2.html
N/D;errore;doc51917_depth5_docenti.unisa.it-005768-didattica-anno=2022&id=513445&cId=10000-2022&pId=A9-A-H-S2.html
N/D;errore;doc52167_depth5_docenti.unisa.it-005768-didattica-anno=2021&id=513421&cId=10000-2018&pId=A9-A-H-S2.html
N/D;errore;doc52170_depth5_docenti.unisa.it-005768-didattica-anno=2021&id=513421&cId=10000-2018&pId=A9-I-Z-S2.html
N/D;errore;doc52171_depth5_docenti.unisa.it-005768-didattica-anno=2021&id=513445&cId=10010-2017&pId=A9-A-H-S2.html
N/D;errore;doc52174_depth5_docenti.unisa.it-005768-didattica-anno=2021&id=513445&cId=10003-2017&pId=A9-I-Z-S2.html
N/D;errore;doc52182_depth5_docenti.unisa.it-005768-didattica-anno=2021&id=513445&cId=10009-2017&pId=A9-I-Z-S2.html
N/D;errore;doc52186_depth5_docenti.unisa.it-005768-didattica-anno=2021&id=513445&cId=10005-2017&pId=A9-A-H-S2.html
N/D;errore;doc52187_depth5_docenti.unisa.it-005768-didattica-anno=2021&id=513445&cId=10008-2017&pId=A9-I-Z-S2.html
N/D;errore;doc52184_depth5_docenti.unisa.it-005768-didattica-anno=2021&id=513445&cId=10010-2017&pId=A9-I-Z-S2.html
N/D;errore;doc52181_depth5_docenti.unisa.it-005768-didattica-anno=2021&id=513445&cId=10006-2017&pId=A9-A-H-S2.html
N/D;errore;doc52183_depth5_docenti.unisa.it-005768-didattica-anno=2021&id=513445&cId=10002-2017&pId=A9-I-Z-S2.html
N/D;errore;doc52189_depth5_docenti.unisa.it-005768-didattica-anno=2021&id=513445&cId=10002-2017&pId=A9-A-H-S2.html
N/D;404;doc5218_depth2_docenti.unisa.it-005133-ricerca-pubblicazioni-anno=2009.html
N/D;errore;doc52193_depth5_docenti.unisa.it-005768-didattica-anno=2021&id=513445&cId=10005-2017&pId=A9-I-Z-S2.html
N/D;errore;doc52196_depth5_docenti.unisa.it-005768-didattica-anno=2021&id=513445&cId=10007-2017&pId=A9-I-Z-S2.html
N/D;errore;doc52197_depth5_docenti.unisa.it-005768-didattica-anno=2021&id=513445&cId=10011-2017&pId=A9-I-Z-S2.html
N/D;errore;doc52199_depth5_docenti.unisa.it-005768-didattica-anno=2021&id=513445&cId=10004-2017&pId=A9-I-Z-S2.html
N/D;errore;doc52198_depth5_docenti.unisa.it-005768-didattica-anno=2021&id=513445&cId=10006-2017&pId=A9-I-Z-S2.html
N/D;errore;doc52210_depth5_docenti.unisa.it-005768-didattica-anno=2021&id=513445&cId=10003-2017&pId=A9-A-H-S2.html
N/D;errore;doc52213_depth5_docenti.unisa.it-005768-didattica-anno=2023&id=513445&cId=10000-2022&pId=A9-I-Z-S2.html
N/D;errore;doc52217_depth5_docenti.unisa.it-005768-didattica-anno=2021&id=513445&cId=10011-2017&pId=A9-A-H-S2.html
N/D;errore;doc52215_depth5_docenti.unisa.it-005768-didattica-anno=2021&id=513445&cId=10009-2017&pId=A9-A-H-S2.html
N/D;errore;doc52220_depth5_docenti.unisa.it-005768-didattica-anno=2021&id=513445&cId=10007-2017&pId=A9-A-H-S2.html
N/D;errore;doc52223_depth5_docenti.unisa.it-005768-didattica-anno=2021&id=513445&cId=10008-2017&pId=A9-A-H-S2.html
N/D;errore;doc52222_depth5_docenti.unisa.it-005768-didattica-anno=2023&id=513445&cId=10000-2022&pId=A9-A-H-S2.html
N/D;errore;doc52225_depth5_docenti.unisa.it-005768-didattica-anno=2021&id=513445&cId=10012-2017&pId=A9-I-Z-S2.html
N/D;errore;doc52224_depth5_docenti.unisa.it-005768-didattica-anno=2021&id=513445&cId=10012-2017&pId=A9-A-H-S2.html
N/D;errore;doc52233_depth5_docenti.unisa.it-005768-didattica-anno=2023&id=513445&cId=10002-2022&pId=A9-I-Z-S2.html
N/D;errore;doc52228_depth5_docenti.unisa.it-005768-didattica-anno=2023&id=513445&cId=10002-2022&pId=A9-A-H-S2.html
N/D;errore;doc52234_depth5_docenti.unisa.it-005768-didattica-anno=2023&id=513445&cId=10003-2022&pId=A9-I-Z-S2.html
N/D;errore;doc52235_depth5_docenti.unisa.it-005768-didattica-anno=2023&id=513445&cId=10005-2022&pId=A9-A-H-S2.html
N/D;errore;doc52230_depth5_docenti.unisa.it-005768-didattica-anno=2023&id=513445&cId=10001-2022&pId=A9-I-Z-S2.html
N/D;errore;doc52237_depth5_docenti.unisa.it-005768-didattica-anno=2023&id=516030&cId=10000-2022&pId=A9-A-H-S2.html
N/D;errore;doc52238_depth5_docenti.unisa.it-005768-didattica-anno=2023&id=513445&cId=10005-2022&pId=A9-I-Z-S2.html
N/D;errore;doc52251_depth5_docenti.unisa.it-005768-didattica-anno=2021&id=513445&cId=10004-2017&pId=A9-A-H-S2.html
N/D;errore;doc52254_depth5_docenti.unisa.it-005768-didattica-anno=2023&id=513445&cId=10003-2022&pId=A9-A-H-S2.html
N/D;errore;doc52282_depth5_docenti.unisa.it-005768-didattica-anno=2023&id=513445&cId=10001-2022&pId=A9-A-H-S2.html
N/D;404;doc5238_depth2_docenti.unisa.it-005133-ricerca-pubblicazioni-anno=0.html
N/D;errore;doc52568_depth5_docenti.unisa.it-003735-didattica-anno=2024&id=518949&cId=10002-2022&pId=A9-I-Z-S1.html
N/D;errore;doc52566_depth5_docenti.unisa.it-003735-didattica-anno=2024&id=518949&cId=10002-2022&pId=A9-A-H-S1.html
N/D;errore;doc52581_depth5_docenti.unisa.it-003735-didattica-anno=2024&id=518949&cId=10000-2022&pId=A9-I-Z-S1.html
N/D;errore;doc52580_depth5_docenti.unisa.it-003735-didattica-anno=2024&id=518949&cId=10000-2022&pId=A9-A-H-S1.html
N/D;errore;doc52586_depth5_docenti.unisa.it-003735-didattica-anno=2024&id=518949&cId=10005-2022&pId=A9-I-Z-S1.html
N/D;errore;doc52588_depth5_docenti.unisa.it-003735-didattica-anno=2024&id=518949&cId=10003-2022&pId=A9-I-Z-S1.html
N/D;errore;doc52602_depth5_docenti.unisa.it-003735-didattica-anno=2024&id=518949&cId=10003-2022&pId=A9-A-H-S1.html
N/D;errore;doc52613_depth5_docenti.unisa.it-003735-didattica-anno=2024&id=518949&cId=10005-2022&pId=A9-A-H-S1.html
N/D;errore;doc52646_depth5_docenti.unisa.it-003735-didattica-anno=2024&id=518949&cId=10001-2022&pId=A9-A-H-S1.html
N/D;errore;doc52651_depth5_docenti.unisa.it-003735-didattica-anno=2024&id=518949&cId=10001-2022&pId=A9-I-Z-S1.html
N/D;errore;doc52727_depth5_docenti.unisa.it-003735-didattica-anno=2020&id=513444&cId=10000-2018&pId=A9-A-H-S2.html
N/D;errore;doc52734_depth5_docenti.unisa.it-003735-didattica-anno=2020&id=513417&cId=10006-2017&pId=A9-A-H-S2.html
N/D;errore;doc53151_depth5_docenti.unisa.it-001670-en-research-projects-tip=6&ruolo=componente&stato=0.html
N/D;errore;doc53153_depth5_docenti.unisa.it-001670-en-research-projects-tip=6&ruolo=tutti&stato=0.html
N/D;errore;doc5370_depth2_docenti.unisa.it-001670-ricerca-progetti-ruolo=tutti.html
N/D;errore;doc5479_depth2_docenti.unisa.it-001670-ricerca-progetti-ruolo=componente.html
N/D;nessun contenuto;doc5541_depth3_docenti.unisa.it-004294-ricerca-focus.html
N/D;nessun contenuto;doc5662_depth3_docenti.unisa.it-024950-ricerca-focus.html
N/D;nessun contenuto;doc5687_depth3_docenti.unisa.it-020924-ricerca-focus.html
N/D;nessun contenuto;doc5673_depth3_docenti.unisa.it-004322-ricerca-focus.html
N/D;404;doc5735_depth2_docenti.unisa.it-001295-ricerca-pubblicazioni-anno=0.html
N/D;nessun contenuto;doc5765_depth3_docenti.unisa.it-027233-ricerca-focus.html
N/D;errore;doc595_depth1_docenti.unisa.it-005199-ricerca-progetti.html
N/D;nessun contenuto;doc5957_depth3_docenti.unisa.it-038016-ricerca-focus.html
N/D;nessun contenuto;doc598_depth1_corsi.unisa.it-photovoltaics-focus.html
N/D;nessun contenuto;doc6002_depth3_docenti.unisa.it-004490-ricerca-focus.html
N/D;nessun contenuto;doc6011_depth3_docenti.unisa.it-003741-international-progetti.html
N/D;nessun contenuto;doc6024_depth3_docenti.unisa.it-003741-international-bip.html
N/D;404, pagina non trovata;doc6038_depth3_docenti.unisa.it-024950-024950-didattica-orari-include=attivita&attivita=EC2025-N0-N0-S2-S2-84057-518960.html
N/D;nessun contenuto;doc6035_depth3_docenti.unisa.it-004491-ricerca-focus.html
N/D;404, pagina non trovata;doc6039_depth3_docenti.unisa.it-024950-024950-didattica-orari-include=attivita&attivita=EC2025-N0-N0-S1-S1-84085-515137.html
N/D;nessun contenuto;doc6036_depth3_docenti.unisa.it-026104-ricerca-focus.html
N/D;errore;doc6052_depth3_docenti.unisa.it-024950-didattica-anno=2024&id=517052.html
N/D;errore;doc6066_depth3_docenti.unisa.it-004490-ricerca-progetti-progetto=18557.html
N/D;404, pagina non trovata;doc6106_depth3_docenti.unisa.it-024950-024950-didattica-orari-include=attivita&attivita=EC2025-N0-N0-S2-S2-83689-517909.html
N/D;404, pagina non trovata;doc6129_depth3_docenti.unisa.it-024950-024950-didattica-orari-include=attivita&attivita=EC2025-N0-N0-A1-A1-83609-518894.html
N/D;404, pagina non trovata;doc6185_depth3_docenti.unisa.it-024950-024950-didattica-orari-include=attivita&attivita=EC2025-N0-N0-S1-S1-84056-512897.html
N/D;nessun contenuto;doc6188_depth3_docenti.unisa.it-003741-ricerca-focus.html
N/D;nessun contenuto;doc6756_depth3_docenti.unisa.it-004294-international-bip.html
N/D;nessun contenuto;doc6742_depth3_docenti.unisa.it-020924-international-bip.html
N/D;nessun contenuto;doc6747_depth3_docenti.unisa.it-020924-international-progetti.html
N/D;nessun contenuto;doc6752_depth3_docenti.unisa.it-004294-international-progetti.html
N/D;nessun contenuto;doc6834_depth3_docenti.unisa.it-004490-international-progetti.html
N/D;nessun contenuto;doc6836_depth3_docenti.unisa.it-004490-international-bip.html
N/D;404, pagina non trovata;doc7209_depth3_docenti.unisa.it-004322-ricerca-www.tandf.co.uk-journals-titles-0144929X.asp.html
N/D;errore;doc7307_depth3_docenti.unisa.it-004294-didattica-anno=2019&id=511017.html
N/D;errore;doc7343_depth3_docenti.unisa.it-004294-didattica-anno=2017&id=511017.html
N/D;errore;doc7377_depth3_docenti.unisa.it-004294-didattica-anno=2018&id=511017.html
N/D;404, pagina non trovata;doc7385_depth3_docenti.unisa.it-004294-004294-didattica-orari-include=attivita&attivita=EC2025-N0-N0-S1-S1-77757-506313.html
N/D;errore;doc7403_depth3_docenti.unisa.it-004294-didattica-anno=2016&id=511017.html
N/D;404, pagina non trovata;doc7404_depth3_docenti.unisa.it-027233-027233-didattica-orari-include=attivita&attivita=EC2025-A9-I-Z-S1-S1-82076-505756.html
N/D;404, pagina non trovata;doc7411_depth3_docenti.unisa.it-027233-027233-didattica-orari-include=attivita&attivita=EC2025-N0-N0-S1-S1-88785-516033.html
N/D;404, pagina non trovata;doc7417_depth3_docenti.unisa.it-027233-027233-didattica-orari-include=attivita&attivita=EC2025-N0-N0-S2-S2-76153-515731.html
N/D;404, pagina non trovata;doc7437_depth3_docenti.unisa.it-027233-027233-didattica-orari-include=attivita&attivita=EC2025-N0-N0-S1-S1-82342-515720.html
N/D;404, pagina non trovata;doc7421_depth3_docenti.unisa.it-027233-027233-didattica-orari-include=attivita&attivita=EC2025-N0-N0-S2-S2-84109-513427.html
N/D;404, pagina non trovata;doc7424_depth3_docenti.unisa.it-004294-004294-didattica-orari-include=attivita&attivita=EC2025-N0-N0-A1-A1-88794-521985.html
N/D;404, pagina non trovata;doc7436_depth3_docenti.unisa.it-004294-004294-didattica-orari-include=attivita&attivita=EC2025-N0-N0-S2-S2-77947-510085.html
N/D;404, pagina non trovata;doc7426_depth3_docenti.unisa.it-027233-027233-didattica-orari-include=attivita&attivita=EC2025-N0-N0-S1-S1-76151-515729.html
N/D;404, pagina non trovata;doc7442_depth3_docenti.unisa.it-004294-004294-didattica-orari-include=attivita&attivita=EC2025-N0-N0-S1-S1-82302-505837.html
N/D;404, pagina non trovata;doc7498_depth3_docenti.unisa.it-004294-004294-didattica-orari-include=attivita&attivita=EC2025-N0-N0-S2-S2-83613-518892.html
N/D;404, pagina non trovata;doc7511_depth3_docenti.unisa.it-020924-ricerca-link.springer.com-book-10.1007-978-3-030-56970-9.html
N/D;404, pagina non trovata;doc7521_depth3_docenti.unisa.it-020924-ricerca-link.springer.com-book-10.1007-978-3-030-37161-6.html
N/D;404, pagina non trovata;doc7627_depth3_docenti.unisa.it-004490-004490-didattica-orari-include=attivita&attivita=EC2025-A9-I-Z-S1-S1-82075-515207.html
N/D;errore;doc7633_depth3_docenti.unisa.it-004490-didattica-anno=2025&id=515207&cId=10002-2022&pId=A9-I-Z-S1.html
N/D;errore;doc7635_depth3_docenti.unisa.it-004490-didattica-anno=2025&id=515207&cId=10002-2022&pId=A9-A-H-S1.html
N/D;errore;doc7636_depth3_docenti.unisa.it-004490-didattica-anno=2025&id=515207&cId=10001-2022.html
N/D;errore;doc7638_depth3_docenti.unisa.it-004490-didattica-anno=2025&id=515207&cId=10002-2022.html
N/D;errore;doc7641_depth3_docenti.unisa.it-004490-didattica-anno=2025&id=515207&cId=10000-2022.html
N/D;errore;doc7645_depth3_docenti.unisa.it-004490-didattica-anno=2023&id=515207.html
N/D;404, pagina non trovata;doc7661_depth3_docenti.unisa.it-004294-004294-didattica-orari-include=attivita&attivita=EC2025-N0-N0-S1-S1-84457-507168.html
N/D;404, pagina non trovata;doc7666_depth3_docenti.unisa.it-004491-004491-didattica-orari-include=attivita&attivita=EC2025-N0-N0-S1-S1-88683-521895.html
N/D;errore;doc7672_depth3_docenti.unisa.it-004490-didattica-anno=2021&id=513329.html
N/D;errore;doc7682_depth3_docenti.unisa.it-004490-didattica-anno=2024&id=515207.html
N/D;errore;doc7685_depth3_docenti.unisa.it-004491-didattica-anno=2021&id=508244.html
N/D;errore;doc7688_depth3_docenti.unisa.it-004490-didattica-anno=2022&id=515207.html
N/D;404, pagina non trovata;doc7733_depth3_docenti.unisa.it-004491-004491-didattica-orari-include=attivita&attivita=EC2025-N0-N0-S2-S2-84087-518980.html
N/D;404, pagina non trovata;doc7756_depth3_docenti.unisa.it-004491-004491-didattica-orari-include=attivita&attivita=EC2025-A9-I-Z-S2-S2-88746-521540.html
N/D;404, pagina non trovata;doc7818_depth3_docenti.unisa.it-004491-004491-didattica-orari-include=attivita&attivita=EC2025-A9-A-H-S1-S1-82076-505756.html
N/D;404;doc7832_depth3_docenti.unisa.it-038016-en-research-publications-anno=2023.html
N/D;404;doc7855_depth3_docenti.unisa.it-038016-ricerca-pubblicazioni-anno=2023&tip=273.html
N/D;404, pagina non trovata;doc7861_depth3_docenti.unisa.it-020924-020924-didattica-orari-include=attivita&attivita=EC2025-N0-N0-S2-S2-83613-518892.html
N/D;404;doc7864_depth3_docenti.unisa.it-038016-en-research-publications-anno=0.html
N/D;errore;doc7869_depth3_docenti.unisa.it-004491-didattica-anno=2020&id=508244.html
N/D;errore;doc7893_depth3_docenti.unisa.it-020924-didattica-anno=2019&id=511017.html
N/D;404, pagina non trovata;doc7905_depth3_docenti.unisa.it-020924-020924-didattica-orari-include=attivita&attivita=EC2025-A9-A-H-S1-S1-82085-507092.html
N/D;errore;doc7909_depth3_docenti.unisa.it-020924-didattica-anno=2025&id=507092&cId=10002-2022.html
N/D;errore;doc7918_depth3_docenti.unisa.it-020924-didattica-anno=2025&id=507092&cId=10002-2022&pId=A9-I-Z-S1.html
N/D;404, pagina non trovata;doc7922_depth3_docenti.unisa.it-038016-ricerca-www.springer.com-series-76.html
N/D;errore;doc7929_depth3_docenti.unisa.it-020924-didattica-anno=2025&id=507092&cId=10001-2022.html
N/D;errore;doc7934_depth3_docenti.unisa.it-020924-didattica-anno=2025&id=507092&cId=10002-2022&pId=A9-A-H-S1.html
N/D;errore;doc7938_depth3_docenti.unisa.it-020924-didattica-anno=2025&id=507092&cId=10000-2022.html
N/D;errore;doc7950_depth3_docenti.unisa.it-020924-didattica-anno=2022&id=507092.html
N/D;errore;doc7958_depth3_docenti.unisa.it-020924-didattica-anno=2022&id=515139.html
N/D;errore;doc7971_depth3_docenti.unisa.it-020924-didattica-anno=2024&id=507092.html
N/D;errore;doc7970_depth3_docenti.unisa.it-020924-didattica-anno=2021&id=514313.html
N/D;errore;doc7983_depth3_docenti.unisa.it-020924-didattica-anno=2018&id=511017.html
N/D;errore;doc7988_depth3_docenti.unisa.it-020924-didattica-anno=2016&id=511017.html
N/D;404, pagina non trovata;doc7991_depth3_docenti.unisa.it-003741-003741-didattica-orari-include=attivita&attivita=EC2025-N0-N0-S1-S1-88776-521921.html
N/D;errore;doc8004_depth3_docenti.unisa.it-020924-didattica-anno=2023&id=507092.html
N/D;404, pagina non trovata;doc8007_depth3_docenti.unisa.it-004322-004322-didattica-orari-include=attivita&attivita=EC2025-N0-N0-S1-S1-84075-516065.html
N/D;errore;doc8014_depth3_docenti.unisa.it-004322-didattica-anno=2024&id=516065.html
N/D;404, pagina non trovata;doc8024_depth3_docenti.unisa.it-004322-004322-didattica-orari-include=attivita&attivita=EC2025-A9-I-Z-S1-S1-78806-515192.html
N/D;404;doc8032_depth3_docenti.unisa.it-038016-ricerca-pubblicazioni-anno=0&tip=273.html
N/D;404, pagina non trovata;doc8028_depth3_docenti.unisa.it-004322-004322-didattica-orari-include=attivita&attivita=EC2025-N0-N0-S1-S1-84078-516067.html
N/D;404, pagina non trovata;doc8041_depth3_docenti.unisa.it-020924-020924-didattica-orari-include=attivita&attivita=EC2025-N0-N0-A1-A1-88794-521985.html
N/D;404, pagina non trovata;doc8053_depth3_docenti.unisa.it-004322-004322-didattica-orari-include=attivita&attivita=EC2025-N0-N0-S2-S2-84058-518961.html
N/D;404, pagina non trovata;doc8077_depth3_docenti.unisa.it-020924-020924-didattica-orari-include=attivita&attivita=EC2025-N0-N0-S2-S2-77710-509826.html
N/D;errore;doc8058_depth3_docenti.unisa.it-020924-didattica-anno=2017&id=511017.html
N/D;404, pagina non trovata;doc8160_depth3_docenti.unisa.it-003741-003741-didattica-orari-include=attivita&attivita=EC2025-A9-A-H-S2-S2-88748-521536.html
N/D;404, pagina non trovata;doc8156_depth3_docenti.unisa.it-038016-038016-didattica-orari-include=attivita&attivita=EC2025-N0-N0-S1-S1-89218-523121.html
N/D;404, pagina non trovata;doc8155_depth3_docenti.unisa.it-026104-026104-didattica-orari-include=attivita&attivita=EC2025-N0-N0-S1-S1-84085-515137.html
N/D;404, pagina non trovata;doc8175_depth3_docenti.unisa.it-038016-038016-didattica-orari-include=attivita&attivita=EC2025-N0-N0-S1-S1-83599-517050.html
N/D;404, pagina non trovata;doc8177_depth3_docenti.unisa.it-026104-026104-didattica-orari-include=attivita&attivita=EC2025-N0-N0-S1-S1-84064-516399.html
N/D;forbidden;doc8138_depth3_docenti.unisa.it-038016-didattica-anno=2024&id=516031.html
N/D;404, pagina non trovata;doc8158_depth3_docenti.unisa.it-003741-003741-didattica-orari-include=attivita&attivita=EC2025-N0-N0-S1-S1-88785-516033.html
N/D;404, pagina non trovata;doc8244_depth3_docenti.unisa.it-026104-026104-didattica-orari-include=attivita&attivita=EC2025-A9-A-H-S2-S2-88746-521540.html
N/D;nessun contenuto;doc8278_depth3_docenti.unisa.it-070141-ricerca-focus.html
N/D;forbidden;doc8269_depth3_docenti.unisa.it-038016-didattica-anno=2022&id=516031.html
N/D;forbidden;doc8294_depth3_docenti.unisa.it-038016-didattica-anno=2023&id=516031.html
N/D;404, pagina non trovata;doc8353_depth3_docenti.unisa.it-026104-026104-didattica-orari-include=attivita&attivita=EC2025-N0-N0-S1-S1-84072-518969.html
N/D;404, pagina non trovata;doc8363_depth3_docenti.unisa.it-037676-037676-didattica-orari-include=attivita&attivita=EC2025-A9-A-H-S1-S1-88702-521532.html
N/D;404, pagina non trovata;doc8381_depth3_docenti.unisa.it-026200-026200-didattica-orari-include=attivita&attivita=EC2025-N0-N0-S2-S2-84103-515156.html
N/D;errore;doc8377_depth3_docenti.unisa.it-037676-didattica-anno=2025&id=521532&cId=10001-2025.html
N/D;nessun contenuto;doc8376_depth3_docenti.unisa.it-037676-ricerca-focus.html
N/D;errore;doc8370_depth3_docenti.unisa.it-037676-didattica-anno=2025&id=521532&cId=10001-2025&pId=A9-I-Z-S1.html
N/D;errore;doc8371_depth3_docenti.unisa.it-037676-didattica-anno=2025&id=521532&cId=10003-2025.html
N/D;404, pagina non trovata;doc8399_depth3_docenti.unisa.it-026200-026200-didattica-orari-include=attivita&attivita=EC2025-N0-N0-S2-S2-82358-515725.html
N/D;errore;doc8403_depth3_docenti.unisa.it-037676-didattica-anno=2025&id=521532&cId=10002-2025.html
N/D;errore;doc8404_depth3_docenti.unisa.it-037676-didattica-anno=2025&id=521532&cId=10001-2025&pId=A9-A-H-S1.html
N/D;404, pagina non trovata;doc8409_depth3_docenti.unisa.it-026200-026200-didattica-orari-include=attivita&attivita=EC2025-N0-N0-S2-S2-84076-516066.html
N/D;errore;doc8411_depth3_docenti.unisa.it-026200-didattica-anno=2020&id=513444.html
N/D;404, pagina non trovata;doc8431_depth3_docenti.unisa.it-070141-070141-didattica-orari-include=attivita&attivita=EC2025-N0-N0-S2-S2-84068-518970.html
N/D;404, pagina non trovata;doc8437_depth3_docenti.unisa.it-070141-070141-didattica-orari-include=attivita&attivita=EC2025-A9-A-H-S2-S2-88722-521542.html
N/D;errore;doc8450_depth3_docenti.unisa.it-037676-didattica-anno=2025&id=521532&cId=10000-2025.html
N/D;404, pagina non trovata;doc8503_depth3_docenti.unisa.it-026104-026104-didattica-orari-include=attivita&attivita=EC2025-N0-N0-S2-S2-78117-515205.html
N/D;nessun contenuto;doc8537_depth3_docenti.unisa.it-026200-ricerca-focus.html
N/D;errore;doc8534_depth3_docenti.unisa.it-026200-en-research-projects-ruolo=componente.html
N/D;nessun contenuto;doc8545_depth3_docenti.unisa.it-005630-ricerca-focus.html
N/D;nessun contenuto;doc8551_depth3_docenti.unisa.it-068340-ricerca-focus.html
N/D;errore;doc8615_depth3_docenti.unisa.it-026200-en-research-projects-ruolo=tutti.html
N/D;nessun contenuto;doc8692_depth3_docenti.unisa.it-005630-international-progetti.html
N/D;nessun contenuto;doc8691_depth3_docenti.unisa.it-005630-international-bip.html
N/D;404, pagina non trovata;doc8745_depth3_docenti.unisa.it-068340-068340-didattica-orari-include=attivita&attivita=EC2025-N0-N0-S1-S1-84129-509228-GR1.html
N/D;errore;doc8763_depth3_docenti.unisa.it-026200-ricerca-progetti-ruolo=tutti&stato=0.html
N/D;404, pagina non trovata;doc8739_depth3_docenti.unisa.it-068340-068340-didattica-orari-include=attivita&attivita=EC2025-N0-N0-S1-S1-76152-515730.html
N/D;errore;doc8775_depth3_docenti.unisa.it-026200-ricerca-progetti-tip=6&ruolo=componente.html
N/D;errore;doc8772_depth3_docenti.unisa.it-026200-ricerca-progetti-ruolo=componente&stato=0.html
N/D;errore;doc8785_depth3_docenti.unisa.it-026200-ricerca-progetti-tip=6&ruolo=tutti.html
N/D;404, pagina non trovata;doc8766_depth3_docenti.unisa.it-020741-020741-didattica-orari-include=attivita&attivita=EC2025-A9-A-H-S2-S2-88670-521342.html
N/D;404, pagina non trovata;doc8746_depth3_docenti.unisa.it-068340-068340-didattica-orari-include=attivita&attivita=EC2025-N0-N0-S2-S2-90741-523879.html
N/D;404, pagina non trovata;doc8757_depth3_docenti.unisa.it-068340-068340-didattica-orari-include=attivita&attivita=EC2025-N0-N0-S2-S2-82356-515724.html
N/D;errore;doc8820_depth3_docenti.unisa.it-068340-didattica-anno=2024&id=508244.html
N/D;errore;doc8844_depth3_docenti.unisa.it-005630-didattica-anno=2024&id=512136.html
N/D;nessun contenuto;doc8869_depth3_docenti.unisa.it-004687-international-bip.html
N/D;nessun contenuto;doc8868_depth3_docenti.unisa.it-004687-international-progetti.html
N/D;errore;doc8913_depth3_docenti.unisa.it-005630-didattica-anno=2021&id=512136.html
N/D;404, pagina non trovata;doc8927_depth3_docenti.unisa.it-005630-005630-didattica-orari-include=attivita&attivita=EC2025-N0-N0-S1-S1-89189-523118.html
N/D;errore;doc8902_depth3_docenti.unisa.it-005630-didattica-anno=2022&id=512136.html
N/D;404, pagina non trovata;doc8954_depth3_docenti.unisa.it-004687-004687-didattica-orari-include=attivita&attivita=EC2025-A9-A-H-S2-S2-88670-521342.html
N/D;nessun contenuto;doc8988_depth3_docenti.unisa.it-004687-ricerca-focus.html
N/D;errore;doc9006_depth3_docenti.unisa.it-005630-didattica-anno=2025&id=521535&cId=10001-2025.html
N/D;errore;doc9005_depth3_docenti.unisa.it-005630-didattica-anno=2025&id=521535&cId=10001-2025&pId=A9-I-Z-S1.html
N/D;errore;doc9018_depth3_docenti.unisa.it-005630-didattica-anno=2025&id=521535&cId=10003-2025.html
N/D;errore;doc9007_depth3_docenti.unisa.it-005630-didattica-anno=2025&id=521535&cId=10001-2025&pId=A9-A-H-S1.html
N/D;errore;doc9026_depth3_docenti.unisa.it-005630-didattica-anno=2025&id=521535&cId=10000-2025.html
N/D;errore;doc9035_depth3_docenti.unisa.it-005630-didattica-anno=2025&id=521535&cId=10002-2025.html
N/D;404, pagina non trovata;doc9053_depth3_docenti.unisa.it-004687-004687-didattica-orari-include=attivita&attivita=EC2025-A9-A-H-S1-S1-88604-521326.html
N/D;404, pagina non trovata;doc9024_depth3_docenti.unisa.it-004687-004687-didattica-orari-include=attivita&attivita=EC2025-N0-N0-S2-S2-88690-521893.html
N/D;404, pagina non trovata;doc9047_depth3_docenti.unisa.it-005630-005630-didattica-orari-include=attivita&attivita=EC2025-A9-A-H-S1-S1-88716-521535.html
N/D;404, pagina non trovata;doc9060_depth3_docenti.unisa.it-005630-005630-didattica-orari-include=attivita&attivita=EC2025-N0-N0-S2-S2-77704-505768.html
N/D;nessun contenuto;doc9092_depth3_docenti.unisa.it-020741-ricerca-focus.html
N/D;404, pagina non trovata;doc9085_depth3_docenti.unisa.it-020741-020741-didattica-orari-include=attivita&attivita=EC2025-N0-N0-S1-S1-88589-521456.html
N/D;404, pagina non trovata;doc9087_depth3_docenti.unisa.it-004687-004687-didattica-orari-include=attivita&attivita=EC2025-N0-N0-S1-S1-83833-516047.html
N/D;nessun contenuto;doc9119_depth3_docenti.unisa.it-004823-ricerca-focus.html
N/D;errore;doc9127_depth3_docenti.unisa.it-005630-didattica-anno=2020&id=512136.html
N/D;errore;doc9146_depth3_docenti.unisa.it-005630-didattica-anno=2023&id=512136.html
N/D;nessun contenuto;doc9310_depth3_docenti.unisa.it-058287-ricerca-focus.html
N/D;404, pagina non trovata;doc9416_depth3_docenti.unisa.it-001776-001776-didattica-orari-include=attivita&attivita=EC2025-N0-N0-S1-S1-89961-523228.html
N/D;404, pagina non trovata;doc9493_depth3_docenti.unisa.it-001776-001776-didattica-orari-include=attivita&attivita=EC2025-N0-N0-S1-S1-88593-522751.html
N/D;nessun contenuto;doc9495_depth3_docenti.unisa.it-001776-ricerca-focus.html
N/D;404, pagina non trovata;doc9544_depth3_docenti.unisa.it-066631-066631-didattica-orari-include=attivita&attivita=EC2025-N0-N0-S2-S2-77702-515194.html
N/D;404, pagina non trovata;doc9557_depth3_docenti.unisa.it-020741-ricerca-www.elsevier.com-inca-publications-store-5-0-3-3-5-6-.html
N/D;404, pagina non trovata;doc9589_depth3_docenti.unisa.it-001776-001776-didattica-orari-include=attivita&attivita=EC2025-N0-N0-S2-S2-77707-515200.html
N/D;404, pagina non trovata;doc9627_depth3_docenti.unisa.it-001776-001776-didattica-orari-include=attivita&attivita=EC2025-N0-N0-S1-S1-88592-521448.html
N/D;404, pagina non trovata;doc9645_depth3_docenti.unisa.it-004823-004823-didattica-orari-include=attivita&attivita=EC2025-N0-N0-S2-S2-87741-521511.html
N/D;404, pagina non trovata;doc9650_depth3_docenti.unisa.it-066631-066631-didattica-orari-include=attivita&attivita=EC2025-A9-I-Z-S2-S2-88722-521542.html
N/D;404, pagina non trovata;doc9662_depth3_docenti.unisa.it-004823-004823-didattica-orari-include=attivita&attivita=EC2025-N0-N0-S1-S1-84118-513459.html
N/D;404, pagina non trovata;doc9774_depth3_docenti.unisa.it-004687-ricerca-www.elsevier.com-inca-publications-store-5-0-3-3-5-6-.html
